oa_code,1,2,3,4,5,6,7,8
E00056750,0,0,0,0,0,0,0,141
E00056751,0,0,0,0,0,110,0,0
E00056752,0,0,0,0,200,0,0,0
E00056753,0,0,0,0,0,0,141,0
E00056754,0,0,0,0,131,0,0,0
E00056755,0,0,0,0,150,0,0,0
E00056756,0,0,0,0,0,0,0,126
E00056757,0,0,0,0,0,120,0,0
E00056758,0,0,0,0,0,131,0,0
E00056759,0,0,0,0,0,104,0,0
E00056760,0,0,0,0,115,0,0,0
E00056761,0,0,0,0,119,0,0,0
E00056762,0,0,0,0,184,0,0,0
E00056763,0,0,0,0,0,138,0,0
E00056764,0,0,0,0,0,139,0,0
E00056765,0,0,0,0,156,0,0,0
E00056766,0,0,0,0,0,0,153,0
E00056767,0,0,0,0,0,119,0,0
E00056768,0,0,0,0,0,0,0,123
E00056769,0,0,0,0,0,0,120,0
E00056770,0,0,0,0,0,0,0,126
E00056771,0,0,0,0,0,0,0,131
E00056772,0,0,0,0,0,151,0,0
E00056773,0,0,0,0,0,123,0,0
E00056774,98,0,0,0,0,0,0,0
E00056775,0,0,0,0,119,0,0,0
E00056776,0,0,0,0,141,0,0,0
E00056777,0,0,0,0,0,0,0,123
E00056778,42,0,0,0,0,0,0,0
E00056779,0,0,0,0,0,138,0,0
E00056780,76,0,0,0,0,0,0,0
E00056781,0,0,0,0,0,0,0,129
E00056782,0,0,0,0,134,0,0,0
E00056783,0,0,0,0,117,0,0,0
E00056784,0,0,0,0,116,0,0,0
E00056786,0,0,0,0,150,0,0,0
E00056787,0,0,0,0,0,0,0,90
E00056788,0,0,0,0,0,0,109,0
E00056789,0,0,0,0,0,0,164,0
E00056790,0,0,0,0,183,0,0,0
E00056792,0,0,0,0,0,0,0,127
E00056793,0,0,0,0,0,122,0,0
E00056794,0,0,0,0,0,112,0,0
E00056795,0,0,0,0,0,0,138,0
E00056796,0,0,0,0,0,0,117,0
E00056797,0,0,0,0,112,0,0,0
E00056798,0,0,0,0,0,108,0,0
E00056799,0,0,0,0,0,0,0,118
E00056800,0,0,0,0,100,0,0,0
E00056801,0,0,0,0,108,0,0,0
E00056802,0,0,0,0,0,122,0,0
E00056803,0,0,0,0,0,0,0,115
E00056804,0,0,0,0,0,114,0,0
E00056805,0,0,0,0,0,0,0,132
E00056806,0,0,0,0,0,0,0,115
E00056807,0,0,0,0,0,108,0,0
E00056808,0,0,0,0,0,97,0,0
E00056809,0,0,0,0,0,0,0,138
E00056810,0,0,0,0,0,0,0,108
E00056811,0,0,0,0,0,127,0,0
E00056812,0,0,0,0,147,0,0,0
E00056813,0,0,0,0,0,114,0,0
E00056814,0,0,0,0,0,0,0,116
E00056815,0,0,0,0,132,0,0,0
E00056816,0,0,0,0,0,0,148,0
E00056817,0,0,0,0,0,138,0,0
E00056818,0,0,0,0,98,0,0,0
E00056819,0,0,0,0,0,0,139,0
E00056820,0,0,0,0,113,0,0,0
E00056821,0,0,0,0,0,96,0,0
E00056822,0,0,0,0,0,148,0,0
E00056823,0,0,0,0,136,0,0,0
E00056825,0,0,0,0,109,0,0,0
E00056827,0,0,0,0,0,0,0,93
E00056828,0,0,0,0,0,94,0,0
E00056829,0,0,0,0,0,0,0,108
E00056830,0,0,0,0,0,0,0,124
E00056831,0,0,0,0,0,108,0,0
E00056832,0,0,0,0,123,0,0,0
E00056833,0,0,0,0,0,95,0,0
E00056834,0,0,0,0,169,0,0,0
E00056835,0,0,0,0,0,136,0,0
E00056836,0,0,0,0,121,0,0,0
E00056837,0,0,0,0,99,0,0,0
E00056838,0,0,0,0,118,0,0,0
E00056839,0,0,0,158,0,0,0,0
E00056840,0,0,0,0,0,0,148,0
E00056841,0,0,0,0,124,0,0,0
E00056842,0,0,0,0,0,125,0,0
E00056843,0,0,0,0,142,0,0,0
E00056845,0,0,0,0,0,0,0,117
E00056846,0,0,0,167,0,0,0,0
E00056847,0,0,0,159,0,0,0,0
E00056848,0,0,0,112,0,0,0,0
E00056849,0,0,0,132,0,0,0,0
E00056850,0,0,0,0,0,0,0,116
E00056851,0,0,0,133,0,0,0,0
E00056852,0,0,0,197,0,0,0,0
E00056853,0,0,0,0,0,0,0,128
E00056854,0,0,0,0,0,0,0,111
E00056855,0,0,0,0,0,0,106,0
E00056856,0,0,0,0,110,0,0,0
E00056858,0,0,0,0,0,0,0,104
E00056859,0,0,0,0,0,0,100,0
E00056861,0,0,0,0,121,0,0,0
E00056862,0,0,0,0,194,0,0,0
E00056863,0,0,0,0,121,0,0,0
E00056864,0,0,0,0,132,0,0,0
E00056865,0,0,0,0,0,0,0,131
E00056866,0,0,0,0,0,122,0,0
E00056867,0,0,0,0,118,0,0,0
E00056868,0,0,0,0,133,0,0,0
E00056869,0,0,0,0,133,0,0,0
E00056871,0,0,0,0,0,0,103,0
E00056873,0,0,0,0,0,0,0,122
E00056874,0,0,0,220,0,0,0,0
E00056875,0,0,0,117,0,0,0,0
E00056876,0,0,0,237,0,0,0,0
E00056877,0,0,0,0,112,0,0,0
E00056878,0,0,0,0,121,0,0,0
E00056879,0,0,0,0,123,0,0,0
E00056880,0,0,0,120,0,0,0,0
E00056881,0,0,0,0,0,0,109,0
E00056882,0,150,0,0,0,0,0,0
E00056883,0,0,0,0,0,0,175,0
E00056884,0,0,0,142,0,0,0,0
E00056885,0,0,0,108,0,0,0,0
E00056886,0,0,0,0,0,0,101,0
E00056887,0,0,0,0,157,0,0,0
E00056888,0,0,0,0,0,0,119,0
E00056889,0,0,0,144,0,0,0,0
E00056890,0,0,0,0,123,0,0,0
E00056891,0,0,0,102,0,0,0,0
E00056892,0,0,0,111,0,0,0,0
E00056893,0,0,0,149,0,0,0,0
E00056894,0,0,0,157,0,0,0,0
E00056895,0,0,0,0,0,0,116,0
E00056897,0,0,0,99,0,0,0,0
E00056898,0,0,0,123,0,0,0,0
E00056899,0,0,0,143,0,0,0,0
E00056900,0,0,106,0,0,0,0,0
E00056901,0,0,0,0,0,0,132,0
E00056902,0,0,0,129,0,0,0,0
E00056903,0,0,0,179,0,0,0,0
E00056904,0,0,0,0,97,0,0,0
E00056905,0,0,0,0,128,0,0,0
E00056906,0,0,0,0,0,0,154,0
E00056907,0,0,0,0,0,0,126,0
E00056908,0,0,0,0,0,0,101,0
E00056909,0,0,0,163,0,0,0,0
E00056910,0,0,0,0,0,0,107,0
E00056911,0,0,0,0,0,0,107,0
E00056912,0,0,0,0,0,0,0,132
E00056913,0,0,0,0,0,135,0,0
E00056914,0,0,0,0,0,0,0,131
E00056915,0,0,0,0,0,123,0,0
E00056916,0,0,0,0,0,0,98,0
E00056917,0,0,0,0,0,125,0,0
E00056918,0,0,0,0,0,136,0,0
E00056919,0,0,0,0,0,120,0,0
E00056920,0,0,0,0,0,144,0,0
E00056921,0,0,0,0,0,135,0,0
E00056922,0,0,0,0,0,124,0,0
E00056923,0,0,0,0,0,127,0,0
E00056924,0,0,0,0,0,0,0,128
E00056925,0,0,0,0,0,0,0,123
E00056926,0,0,0,0,0,0,0,118
E00056927,0,0,0,0,0,162,0,0
E00056928,0,0,0,0,0,122,0,0
E00056929,0,0,0,0,0,135,0,0
E00056930,0,0,0,0,0,0,0,123
E00056931,0,0,0,0,0,122,0,0
E00056932,0,0,0,0,0,121,0,0
E00056933,0,0,0,0,125,0,0,0
E00056934,0,0,0,0,112,0,0,0
E00056935,0,0,0,0,101,0,0,0
E00056936,0,0,0,0,0,119,0,0
E00056937,0,0,0,0,0,0,82,0
E00056938,0,0,0,0,0,0,0,126
E00056939,0,0,0,0,0,143,0,0
E00056940,0,0,0,0,125,0,0,0
E00056941,0,0,0,0,0,0,0,156
E00056942,0,0,0,0,0,136,0,0
E00056943,0,0,0,0,0,133,0,0
E00056944,121,0,0,0,0,0,0,0
E00056945,0,0,0,0,0,0,0,112
E00056946,147,0,0,0,0,0,0,0
E00056947,0,0,0,0,0,133,0,0
E00056948,0,0,0,0,0,129,0,0
E00056949,0,0,0,0,95,0,0,0
E00056950,0,0,0,0,0,125,0,0
E00056951,0,0,0,0,0,129,0,0
E00056952,0,0,0,0,0,128,0,0
E00056953,0,0,0,0,0,125,0,0
E00056954,123,0,0,0,0,0,0,0
E00056955,0,0,0,0,0,126,0,0
E00056956,125,0,0,0,0,0,0,0
E00056957,0,0,0,0,0,122,0,0
E00056958,0,0,0,0,0,0,0,142
E00056959,78,0,0,0,0,0,0,0
E00056960,175,0,0,0,0,0,0,0
E00056961,135,0,0,0,0,0,0,0
E00056962,0,0,0,0,0,0,0,145
E00056963,0,0,0,0,181,0,0,0
E00056964,0,0,0,0,0,0,0,132
E00056965,0,0,0,0,0,138,0,0
E00056966,0,0,0,0,0,0,0,140
E00056967,0,0,0,0,0,0,0,84
E00056968,0,0,0,0,0,147,0,0
E00056969,102,0,0,0,0,0,0,0
E00056970,0,0,0,0,0,126,0,0
E00056971,0,0,0,0,0,97,0,0
E00056972,0,0,0,0,0,61,0,0
E00056973,0,0,0,0,0,67,0,0
E00056974,0,0,0,0,144,0,0,0
E00056975,156,0,0,0,0,0,0,0
E00056976,0,0,0,0,0,175,0,0
E00056977,88,0,0,0,0,0,0,0
E00056978,0,0,0,0,144,0,0,0
E00056979,0,0,0,0,0,0,0,134
E00056981,0,0,0,0,0,0,0,128
E00056982,0,0,0,0,0,0,0,134
E00056983,0,0,0,0,0,127,0,0
E00056984,0,0,0,0,0,0,0,138
E00056985,0,0,0,0,0,117,0,0
E00056986,0,0,0,0,0,0,0,122
E00056987,0,0,0,0,0,128,0,0
E00056988,0,0,0,0,0,0,0,131
E00056989,0,0,0,0,0,0,0,126
E00056990,0,0,0,0,0,0,0,114
E00056991,0,0,0,0,0,0,0,148
E00056992,0,0,0,135,0,0,0,0
E00056993,0,0,0,134,0,0,0,0
E00056994,0,0,0,123,0,0,0,0
E00056995,0,0,0,124,0,0,0,0
E00056997,0,0,0,128,0,0,0,0
E00056998,0,0,190,0,0,0,0,0
E00056999,0,0,0,123,0,0,0,0
E00057000,0,0,0,0,0,0,0,107
E00057001,0,0,0,145,0,0,0,0
E00057002,0,0,0,109,0,0,0,0
E00057003,0,0,0,131,0,0,0,0
E00057004,0,0,0,0,90,0,0,0
E00057005,0,0,0,0,0,0,113,0
E00057006,0,0,0,0,0,116,0,0
E00057007,0,0,0,0,0,130,0,0
E00057008,0,0,0,0,0,0,0,98
E00057009,0,0,0,143,0,0,0,0
E00057010,0,0,0,0,0,98,0,0
E00057011,0,0,0,0,188,0,0,0
E00057012,0,0,0,141,0,0,0,0
E00057013,0,0,0,74,0,0,0,0
E00057014,0,0,0,139,0,0,0,0
E00057015,0,0,0,138,0,0,0,0
E00057016,0,0,0,140,0,0,0,0
E00057017,0,0,0,125,0,0,0,0
E00057018,0,0,0,0,111,0,0,0
E00057019,0,0,0,147,0,0,0,0
E00057020,0,0,146,0,0,0,0,0
E00057021,0,0,0,0,124,0,0,0
E00057022,0,0,0,125,0,0,0,0
E00057023,0,0,0,141,0,0,0,0
E00057024,0,0,0,0,0,0,153,0
E00057025,0,0,0,0,0,0,0,120
E00057026,0,0,0,0,125,0,0,0
E00057027,0,0,0,155,0,0,0,0
E00057028,0,0,0,125,0,0,0,0
E00057029,0,0,153,0,0,0,0,0
E00057030,0,0,157,0,0,0,0,0
E00057031,0,0,0,120,0,0,0,0
E00057032,0,0,0,147,0,0,0,0
E00057033,0,0,147,0,0,0,0,0
E00057034,0,0,0,201,0,0,0,0
E00057035,0,0,0,129,0,0,0,0
E00057036,0,0,0,137,0,0,0,0
E00057037,0,0,0,133,0,0,0,0
E00057038,0,0,0,138,0,0,0,0
E00057039,0,0,0,0,0,0,130,0
E00057040,0,0,0,0,0,115,0,0
E00057041,0,0,0,113,0,0,0,0
E00057042,0,0,0,114,0,0,0,0
E00057043,0,0,0,0,0,0,127,0
E00057044,0,0,0,0,0,0,0,118
E00057045,0,0,0,124,0,0,0,0
E00057046,0,0,0,0,0,0,0,117
E00057047,0,0,0,111,0,0,0,0
E00057048,0,0,0,0,0,0,0,136
E00057049,0,0,0,0,0,0,0,131
E00057050,0,0,0,0,0,0,132,0
E00057051,0,0,0,0,215,0,0,0
E00057052,0,0,0,0,0,0,0,144
E00057053,0,0,0,0,0,0,97,0
E00057054,0,0,0,0,117,0,0,0
E00057055,0,0,0,0,0,0,0,126
E00057056,0,0,0,0,0,0,0,119
E00057057,0,0,0,0,0,111,0,0
E00057058,0,0,0,0,0,0,0,118
E00057059,0,0,0,0,0,0,0,90
E00057060,0,0,0,0,105,0,0,0
E00057062,0,0,0,0,0,0,0,128
E00057063,0,0,0,0,0,112,0,0
E00057064,0,0,0,0,0,0,0,100
E00057065,0,0,0,0,111,0,0,0
E00057066,0,0,0,0,0,0,184,0
E00057067,0,0,0,0,203,0,0,0
E00057068,0,0,0,0,0,0,117,0
E00057069,0,0,0,0,124,0,0,0
E00057070,0,0,0,0,0,0,0,98
E00057071,0,0,0,0,0,0,0,112
E00057072,0,0,0,0,89,0,0,0
E00057073,0,0,0,0,0,128,0,0
E00057074,0,0,0,0,0,0,115,0
E00057075,0,0,0,0,139,0,0,0
E00057076,0,0,0,0,0,0,97,0
E00057077,0,0,0,0,0,0,0,120
E00057078,0,0,0,0,108,0,0,0
E00057079,0,0,0,0,0,0,0,117
E00057080,0,0,0,0,0,0,112,0
E00057081,0,0,0,107,0,0,0,0
E00057082,0,0,0,0,0,0,0,102
E00057083,0,0,0,0,0,0,0,115
E00057084,0,0,0,0,123,0,0,0
E00057085,0,0,0,122,0,0,0,0
E00057086,0,0,0,0,0,0,0,100
E00057087,0,0,0,0,126,0,0,0
E00057088,0,0,0,0,0,0,119,0
E00057089,0,0,0,0,0,0,121,0
E00057090,0,0,0,0,0,0,125,0
E00057091,0,0,0,0,0,0,0,149
E00057092,0,0,0,122,0,0,0,0
E00057093,0,0,0,0,0,0,132,0
E00057094,0,0,0,0,0,112,0,0
E00057095,0,0,0,0,0,0,0,105
E00057096,0,0,0,0,0,0,116,0
E00057097,0,0,0,0,0,0,107,0
E00057098,0,0,0,0,0,0,0,109
E00057099,0,0,0,0,128,0,0,0
E00057100,0,0,0,0,0,0,0,110
E00057101,0,0,0,0,0,113,0,0
E00057102,0,0,0,0,0,0,0,103
E00057103,0,0,0,0,0,83,0,0
E00057104,0,0,0,0,0,0,140,0
E00057105,0,0,0,0,98,0,0,0
E00057106,0,0,0,0,0,0,118,0
E00057107,0,0,0,0,0,0,0,118
E00057108,0,0,0,0,0,0,0,107
E00057109,0,0,0,0,0,0,0,105
E00057110,0,0,0,0,0,0,158,0
E00057111,0,0,0,0,0,0,0,128
E00057112,0,0,0,0,0,0,116,0
E00057113,0,0,0,0,111,0,0,0
E00057114,0,0,0,0,0,0,0,125
E00057115,0,0,0,0,0,0,0,105
E00057116,0,0,0,0,0,0,0,130
E00057117,0,0,0,0,0,0,0,112
E00057118,0,0,0,0,0,0,0,121
E00057119,0,0,0,0,0,0,0,112
E00057120,0,0,0,0,0,0,116,0
E00057121,0,0,0,0,0,0,0,108
E00057122,0,0,0,0,0,0,143,0
E00057123,0,0,0,0,118,0,0,0
E00057124,0,0,149,0,0,0,0,0
E00057125,0,0,0,122,0,0,0,0
E00057126,0,0,0,125,0,0,0,0
E00057127,0,0,0,128,0,0,0,0
E00057128,0,0,0,0,0,114,0,0
E00057129,0,0,0,0,0,0,0,103
E00057130,0,0,0,140,0,0,0,0
E00057131,0,0,0,129,0,0,0,0
E00057132,0,0,0,0,0,0,0,119
E00057133,0,0,0,135,0,0,0,0
E00057134,0,0,0,129,0,0,0,0
E00057135,0,0,0,133,0,0,0,0
E00057136,0,0,0,0,133,0,0,0
E00057137,0,0,0,120,0,0,0,0
E00057138,0,0,141,0,0,0,0,0
E00057139,0,0,0,0,129,0,0,0
E00057140,0,0,139,0,0,0,0,0
E00057141,0,0,128,0,0,0,0,0
E00057142,0,0,0,0,0,0,0,74
E00057144,0,0,0,0,0,0,0,98
E00057145,0,0,0,168,0,0,0,0
E00057146,0,0,0,0,0,0,129,0
E00057147,0,0,0,0,0,0,124,0
E00057148,0,0,0,133,0,0,0,0
E00057149,0,0,0,129,0,0,0,0
E00057150,0,0,0,112,0,0,0,0
E00057151,0,0,0,148,0,0,0,0
E00057152,0,0,0,73,0,0,0,0
E00057153,0,0,0,0,0,0,164,0
E00057154,0,0,0,126,0,0,0,0
E00057155,0,0,0,137,0,0,0,0
E00057156,0,0,0,0,0,0,130,0
E00057157,0,0,0,137,0,0,0,0
E00057158,0,0,0,132,0,0,0,0
E00057159,0,0,0,0,0,0,0,107
E00057160,0,0,0,0,0,0,0,122
E00057161,0,0,0,130,0,0,0,0
E00057162,0,0,0,115,0,0,0,0
E00057163,0,0,0,127,0,0,0,0
E00057164,0,0,0,0,0,0,138,0
E00057165,0,0,111,0,0,0,0,0
E00057166,0,0,0,0,0,0,0,135
E00057167,0,0,0,0,0,0,132,0
E00057169,0,0,183,0,0,0,0,0
E00057170,0,0,0,0,0,0,205,0
E00057171,0,0,0,167,0,0,0,0
E00057172,0,0,0,155,0,0,0,0
E00057173,0,0,0,0,0,0,158,0
E00057175,0,0,202,0,0,0,0,0
E00057176,0,0,93,0,0,0,0,0
E00057177,0,0,183,0,0,0,0,0
E00057178,0,0,0,151,0,0,0,0
E00057179,0,0,0,224,0,0,0,0
E00057180,0,0,0,90,0,0,0,0
E00057181,0,0,0,0,0,0,139,0
E00057182,0,0,0,0,0,0,136,0
E00057183,0,0,0,0,0,0,112,0
E00057184,0,0,0,0,0,80,0,0
E00057185,0,0,0,0,0,0,102,0
E00057186,0,0,0,0,0,0,130,0
E00057187,0,0,0,0,153,0,0,0
E00057188,0,0,0,125,0,0,0,0
E00057189,0,0,0,157,0,0,0,0
E00057190,0,0,124,0,0,0,0,0
E00057191,0,0,0,0,115,0,0,0
E00057192,0,0,0,0,133,0,0,0
E00057193,0,0,0,0,0,94,0,0
E00057194,0,0,0,113,0,0,0,0
E00057195,0,0,0,0,137,0,0,0
E00057196,0,0,0,100,0,0,0,0
E00057197,0,0,0,0,0,116,0,0
E00057198,0,0,0,160,0,0,0,0
E00057199,0,0,0,136,0,0,0,0
E00057200,0,0,0,162,0,0,0,0
E00057202,0,0,0,150,0,0,0,0
E00057204,0,0,213,0,0,0,0,0
E00057205,0,0,0,0,154,0,0,0
E00057206,0,0,0,124,0,0,0,0
E00057207,0,132,0,0,0,0,0,0
E00057208,0,0,0,177,0,0,0,0
E00057209,0,0,0,117,0,0,0,0
E00057210,0,0,0,183,0,0,0,0
E00057211,0,0,153,0,0,0,0,0
E00057212,0,0,0,142,0,0,0,0
E00057213,0,0,0,174,0,0,0,0
E00057214,0,0,0,113,0,0,0,0
E00057215,0,0,0,122,0,0,0,0
E00057216,0,0,0,150,0,0,0,0
E00057217,0,0,0,149,0,0,0,0
E00057218,0,0,0,143,0,0,0,0
E00057220,0,0,0,192,0,0,0,0
E00057221,0,0,0,169,0,0,0,0
E00057222,0,0,222,0,0,0,0,0
E00057223,0,0,176,0,0,0,0,0
E00057225,0,0,0,165,0,0,0,0
E00057226,0,0,0,154,0,0,0,0
E00057227,0,171,0,0,0,0,0,0
E00057228,0,0,0,0,175,0,0,0
E00057229,0,0,0,0,129,0,0,0
E00057230,0,0,0,0,146,0,0,0
E00057231,0,0,0,0,172,0,0,0
E00057232,0,198,0,0,0,0,0,0
E00057233,0,0,0,0,124,0,0,0
E00057234,0,124,0,0,0,0,0,0
E00057235,0,0,0,0,140,0,0,0
E00057236,0,0,0,129,0,0,0,0
E00057238,0,0,0,0,171,0,0,0
E00057239,0,0,0,121,0,0,0,0
E00057240,0,0,115,0,0,0,0,0
E00057241,0,0,137,0,0,0,0,0
E00057242,0,0,0,102,0,0,0,0
E00057244,0,0,0,0,220,0,0,0
E00057245,0,0,0,144,0,0,0,0
E00057246,0,0,0,0,0,0,128,0
E00057247,0,0,0,0,134,0,0,0
E00057248,0,0,0,132,0,0,0,0
E00057249,0,0,0,118,0,0,0,0
E00057250,0,0,0,115,0,0,0,0
E00057251,0,0,0,0,0,134,0,0
E00057252,0,0,0,145,0,0,0,0
E00057253,0,0,0,149,0,0,0,0
E00057254,0,0,0,169,0,0,0,0
E00057255,0,0,0,173,0,0,0,0
E00057256,0,0,0,105,0,0,0,0
E00057257,0,0,0,104,0,0,0,0
E00057258,0,0,0,120,0,0,0,0
E00057259,0,0,0,73,0,0,0,0
E00057261,0,0,0,111,0,0,0,0
E00057262,0,0,0,0,0,0,0,156
E00057264,0,0,0,150,0,0,0,0
E00057265,0,0,0,0,0,0,164,0
E00057266,0,0,0,126,0,0,0,0
E00057267,0,0,0,149,0,0,0,0
E00057268,0,0,0,0,0,0,0,81
E00057269,0,0,0,71,0,0,0,0
E00057270,0,0,0,129,0,0,0,0
E00057271,0,0,0,93,0,0,0,0
E00057272,0,0,0,125,0,0,0,0
E00057273,0,0,0,131,0,0,0,0
E00057274,0,0,0,0,0,0,134,0
E00057275,0,0,0,89,0,0,0,0
E00057276,0,0,0,143,0,0,0,0
E00057277,0,0,0,103,0,0,0,0
E00057278,0,0,0,106,0,0,0,0
E00057280,0,0,82,0,0,0,0,0
E00057281,0,0,0,134,0,0,0,0
E00057282,0,0,0,115,0,0,0,0
E00057283,0,0,0,92,0,0,0,0
E00057284,0,0,0,111,0,0,0,0
E00057285,0,0,0,166,0,0,0,0
E00057286,0,0,0,0,0,0,0,86
E00057287,0,0,0,154,0,0,0,0
E00057288,0,0,0,0,100,0,0,0
E00057289,0,0,0,0,0,0,0,118
E00057290,0,0,0,139,0,0,0,0
E00057291,0,0,0,108,0,0,0,0
E00057292,0,0,0,102,0,0,0,0
E00057293,0,0,0,133,0,0,0,0
E00057294,0,0,0,96,0,0,0,0
E00057295,0,0,0,0,0,0,140,0
E00057296,0,0,0,144,0,0,0,0
E00057297,0,0,0,51,0,0,0,0
E00057298,0,0,0,122,0,0,0,0
E00057300,0,0,188,0,0,0,0,0
E00057303,0,0,0,0,0,0,0,103
E00057304,0,0,0,0,0,0,122,0
E00057305,0,0,0,0,0,0,101,0
E00057307,0,0,0,0,0,0,79,0
E00057309,0,0,0,163,0,0,0,0
E00057310,0,0,0,136,0,0,0,0
E00057311,0,0,0,0,0,0,71,0
E00057312,0,0,0,0,0,0,149,0
E00057313,0,0,194,0,0,0,0,0
E00057315,0,0,0,0,0,0,115,0
E00057316,0,0,0,139,0,0,0,0
E00057321,0,0,235,0,0,0,0,0
E00057322,0,0,0,132,0,0,0,0
E00057323,0,0,157,0,0,0,0,0
E00057325,0,0,0,0,0,0,151,0
E00057326,0,0,0,76,0,0,0,0
E00057327,0,0,81,0,0,0,0,0
E00057328,0,0,147,0,0,0,0,0
E00057329,0,0,0,131,0,0,0,0
E00057330,0,0,0,114,0,0,0,0
E00057331,0,0,0,87,0,0,0,0
E00057332,0,0,0,0,0,0,94,0
E00057333,0,0,0,149,0,0,0,0
E00057334,0,0,0,0,0,116,0,0
E00057335,0,0,0,0,0,126,0,0
E00057336,0,0,0,0,0,130,0,0
E00057337,0,0,0,0,0,128,0,0
E00057338,0,0,0,0,0,0,127,0
E00057339,0,0,0,0,0,141,0,0
E00057340,0,0,0,0,0,0,0,124
E00057341,0,0,0,0,132,0,0,0
E00057342,0,0,0,0,0,119,0,0
E00057343,0,0,0,0,150,0,0,0
E00057344,0,0,0,0,0,126,0,0
E00057345,0,0,0,119,0,0,0,0
E00057346,0,0,0,0,0,0,0,135
E00057347,0,0,0,0,0,0,0,103
E00057348,0,0,0,0,117,0,0,0
E00057349,0,0,0,0,0,148,0,0
E00057350,0,0,0,0,0,97,0,0
E00057351,0,0,0,98,0,0,0,0
E00057352,0,0,0,0,0,137,0,0
E00057353,0,0,0,0,0,119,0,0
E00057354,0,0,0,0,0,110,0,0
E00057355,0,0,0,0,0,116,0,0
E00057356,0,0,0,0,0,0,111,0
E00057357,0,0,0,136,0,0,0,0
E00057358,0,0,0,0,0,91,0,0
E00057359,0,0,0,0,0,98,0,0
E00057360,0,0,0,0,0,149,0,0
E00057361,0,0,0,0,0,118,0,0
E00057362,0,0,0,0,0,86,0,0
E00057363,0,0,0,0,0,0,140,0
E00057364,0,0,0,0,0,0,122,0
E00057365,0,0,0,0,0,100,0,0
E00057366,0,0,0,0,0,127,0,0
E00057367,0,0,0,0,0,112,0,0
E00057368,0,0,0,117,0,0,0,0
E00057369,0,0,0,0,0,114,0,0
E00057370,0,0,0,0,0,0,145,0
E00057371,0,0,0,0,118,0,0,0
E00057372,0,0,0,0,0,128,0,0
E00057374,0,0,0,0,133,0,0,0
E00057375,0,0,0,0,140,0,0,0
E00057376,0,0,0,0,0,129,0,0
E00057377,0,0,0,0,0,0,0,132
E00057378,0,0,0,0,0,126,0,0
E00057379,0,0,0,0,0,141,0,0
E00057380,0,0,0,0,0,119,0,0
E00057382,0,0,0,0,127,0,0,0
E00057383,0,0,0,0,0,0,116,0
E00057384,0,0,0,0,0,128,0,0
E00057385,0,0,0,0,135,0,0,0
E00057386,0,0,0,0,0,119,0,0
E00057387,0,111,0,0,0,0,0,0
E00057388,0,124,0,0,0,0,0,0
E00057389,0,0,0,0,0,0,124,0
E00057390,0,0,0,0,0,138,0,0
E00057391,0,0,0,0,122,0,0,0
E00057392,0,0,0,117,0,0,0,0
E00057393,0,0,0,135,0,0,0,0
E00057394,0,0,0,136,0,0,0,0
E00057395,0,0,0,0,0,125,0,0
E00057396,0,0,0,0,0,134,0,0
E00057397,0,0,0,0,125,0,0,0
E00057398,0,0,0,0,0,0,0,120
E00057399,0,0,0,0,152,0,0,0
E00057400,0,0,0,0,0,145,0,0
E00057401,0,0,0,0,151,0,0,0
E00057402,0,0,0,0,0,0,94,0
E00057403,0,0,0,0,109,0,0,0
E00057404,0,0,0,0,114,0,0,0
E00057405,0,0,0,0,127,0,0,0
E00057406,0,0,0,0,0,142,0,0
E00057407,0,0,0,0,0,0,0,106
E00057408,0,0,0,0,0,126,0,0
E00057409,0,0,0,0,0,140,0,0
E00057410,0,0,0,0,0,125,0,0
E00057411,0,0,0,0,135,0,0,0
E00057412,0,0,0,0,0,0,0,119
E00057413,0,0,0,0,137,0,0,0
E00057414,0,0,0,0,0,129,0,0
E00057415,0,0,0,0,0,117,0,0
E00057416,0,0,0,0,0,124,0,0
E00057417,0,0,0,0,0,128,0,0
E00057418,0,0,0,0,0,137,0,0
E00057419,0,0,0,0,0,117,0,0
E00057420,0,0,0,0,0,135,0,0
E00057421,0,0,0,0,0,124,0,0
E00057422,121,0,0,0,0,0,0,0
E00057423,0,0,0,0,0,130,0,0
E00057424,0,0,0,0,0,120,0,0
E00057425,0,0,0,0,0,127,0,0
E00057426,0,0,0,0,0,0,0,148
E00057427,0,0,0,0,0,0,0,104
E00057428,0,0,0,0,0,98,0,0
E00057429,93,0,0,0,0,0,0,0
E00057430,0,0,0,0,0,0,0,120
E00057431,0,0,0,0,169,0,0,0
E00057432,0,0,0,0,0,118,0,0
E00057433,0,0,0,0,0,110,0,0
E00057434,0,0,0,0,0,0,0,123
E00057435,0,0,0,0,0,0,0,122
E00057436,0,0,0,0,0,0,0,100
E00057437,0,0,0,0,0,0,0,119
E00057438,0,0,0,0,0,119,0,0
E00057439,0,0,0,0,0,0,143,0
E00057440,0,0,0,0,0,0,0,106
E00057441,0,0,0,0,0,137,0,0
E00057442,0,0,0,0,0,0,0,115
E00057443,0,0,0,0,110,0,0,0
E00057444,0,0,0,0,124,0,0,0
E00057445,0,0,0,0,0,114,0,0
E00057446,0,0,0,0,0,123,0,0
E00057447,0,0,0,0,117,0,0,0
E00057448,0,0,0,0,0,0,0,143
E00057449,0,0,0,0,126,0,0,0
E00057450,0,0,0,0,0,0,0,131
E00057451,0,0,0,0,0,112,0,0
E00057452,0,0,0,0,0,95,0,0
E00057453,0,0,0,0,0,122,0,0
E00057454,0,0,0,0,123,0,0,0
E00057455,0,0,0,0,0,124,0,0
E00057456,0,0,0,0,0,107,0,0
E00057457,0,0,0,0,0,111,0,0
E00057458,0,0,0,0,0,105,0,0
E00057459,0,0,0,0,0,138,0,0
E00057460,0,0,0,0,178,0,0,0
E00057461,0,0,0,0,0,115,0,0
E00057462,0,0,0,0,0,121,0,0
E00057463,0,0,0,0,0,118,0,0
E00057464,0,0,0,0,0,119,0,0
E00057465,0,0,0,0,0,132,0,0
E00057466,0,0,0,0,0,82,0,0
E00057467,0,0,0,0,124,0,0,0
E00057468,0,0,0,0,216,0,0,0
E00057469,0,0,0,0,0,0,0,126
E00057470,0,0,0,0,0,0,0,127
E00057471,0,0,0,0,0,0,0,107
E00057472,0,0,0,0,0,0,0,129
E00057473,158,0,0,0,0,0,0,0
E00057474,118,0,0,0,0,0,0,0
E00057475,131,0,0,0,0,0,0,0
E00057476,0,0,0,0,0,116,0,0
E00057477,0,0,0,0,0,0,0,125
E00057478,0,0,0,0,0,0,0,121
E00057479,0,0,0,0,0,0,0,109
E00057480,0,0,0,0,0,0,0,120
E00057481,0,0,0,0,0,0,0,136
E00057482,0,0,0,0,0,0,0,114
E00057483,0,0,0,0,0,126,0,0
E00057484,0,0,0,0,0,0,0,120
E00057485,132,0,0,0,0,0,0,0
E00057486,0,0,0,0,0,122,0,0
E00057487,0,0,0,0,0,129,0,0
E00057488,0,0,0,0,0,0,0,106
E00057489,0,0,0,0,111,0,0,0
E00057490,0,0,0,0,135,0,0,0
E00057491,0,0,0,0,0,128,0,0
E00057492,0,0,0,0,129,0,0,0
E00057493,0,0,0,0,141,0,0,0
E00057494,0,0,0,0,122,0,0,0
E00057495,0,0,0,0,0,133,0,0
E00057496,0,0,0,0,0,0,0,139
E00057497,0,0,0,0,0,129,0,0
E00057498,0,0,0,0,149,0,0,0
E00057499,0,0,0,0,0,122,0,0
E00057500,0,0,0,0,0,110,0,0
E00057501,0,0,0,0,162,0,0,0
E00057502,0,0,0,0,124,0,0,0
E00057503,0,0,0,0,0,0,0,168
E00057504,149,0,0,0,0,0,0,0
E00057505,0,0,0,0,0,123,0,0
E00057506,0,0,0,0,122,0,0,0
E00057507,0,0,0,0,0,115,0,0
E00057508,0,0,0,0,0,107,0,0
E00057509,0,0,0,0,129,0,0,0
E00057510,0,0,0,0,0,112,0,0
E00057511,0,0,0,0,113,0,0,0
E00057512,0,0,0,0,0,115,0,0
E00057513,0,0,0,0,124,0,0,0
E00057514,0,0,0,0,108,0,0,0
E00057515,0,0,0,0,0,0,118,0
E00057516,0,0,0,0,0,100,0,0
E00057517,0,0,0,0,0,124,0,0
E00057518,0,0,0,0,0,121,0,0
E00057519,0,0,0,0,0,133,0,0
E00057520,0,0,0,0,115,0,0,0
E00057521,0,0,0,0,0,107,0,0
E00057522,0,0,0,0,111,0,0,0
E00057523,0,0,0,0,0,124,0,0
E00057524,0,0,0,0,0,122,0,0
E00057525,0,0,0,0,0,127,0,0
E00057526,0,0,0,0,146,0,0,0
E00057527,0,0,0,0,129,0,0,0
E00057528,0,0,0,0,0,118,0,0
E00057529,0,0,0,0,128,0,0,0
E00057530,0,0,0,0,125,0,0,0
E00057531,0,0,0,0,0,138,0,0
E00057532,0,0,0,0,0,0,102,0
E00057533,0,0,0,0,0,129,0,0
E00057534,0,0,0,0,135,0,0,0
E00057535,0,0,0,0,0,121,0,0
E00057536,0,0,0,0,0,0,0,127
E00057537,0,0,0,0,0,109,0,0
E00057538,0,0,0,0,158,0,0,0
E00057539,0,0,0,0,0,108,0,0
E00057540,0,0,0,0,0,117,0,0
E00057541,0,0,0,0,0,122,0,0
E00057542,0,0,0,0,0,131,0,0
E00057543,0,0,0,0,0,145,0,0
E00057544,0,0,0,0,0,127,0,0
E00057545,0,0,0,0,115,0,0,0
E00057546,0,0,0,0,0,0,0,113
E00057547,0,0,0,0,122,0,0,0
E00057548,0,0,0,0,0,114,0,0
E00057549,0,0,0,0,0,121,0,0
E00057550,0,0,0,0,140,0,0,0
E00057551,0,0,0,0,0,121,0,0
E00057552,0,0,0,0,0,124,0,0
E00057553,0,0,0,0,0,125,0,0
E00057554,0,0,0,0,0,131,0,0
E00057555,0,0,0,0,0,118,0,0
E00057556,0,0,0,0,0,110,0,0
E00057557,0,0,0,0,0,123,0,0
E00057558,0,0,0,0,0,129,0,0
E00057559,0,0,0,0,0,153,0,0
E00057560,0,0,0,0,0,130,0,0
E00057561,0,0,0,0,0,130,0,0
E00057562,0,0,0,0,136,0,0,0
E00057563,0,0,0,0,0,108,0,0
E00057564,0,0,0,131,0,0,0,0
E00057565,0,0,0,91,0,0,0,0
E00057566,0,0,0,125,0,0,0,0
E00057567,0,0,0,122,0,0,0,0
E00057568,0,0,0,124,0,0,0,0
E00057570,0,0,0,134,0,0,0,0
E00057571,0,0,0,124,0,0,0,0
E00057573,0,0,0,124,0,0,0,0
E00057574,0,0,0,128,0,0,0,0
E00057575,0,0,0,113,0,0,0,0
E00057576,0,0,107,0,0,0,0,0
E00057577,0,0,0,143,0,0,0,0
E00057578,0,0,0,130,0,0,0,0
E00057579,0,0,0,116,0,0,0,0
E00057580,0,0,0,129,0,0,0,0
E00057581,0,0,130,0,0,0,0,0
E00057582,0,0,0,110,0,0,0,0
E00057583,0,0,0,102,0,0,0,0
E00057584,0,0,0,128,0,0,0,0
E00057585,0,0,0,108,0,0,0,0
E00057586,0,0,0,96,0,0,0,0
E00057587,0,0,0,111,0,0,0,0
E00057589,0,0,0,165,0,0,0,0
E00057590,0,0,0,99,0,0,0,0
E00057591,0,0,0,120,0,0,0,0
E00057592,0,0,0,155,0,0,0,0
E00057593,0,0,0,121,0,0,0,0
E00057594,0,0,0,116,0,0,0,0
E00057595,0,0,0,127,0,0,0,0
E00057596,0,0,0,103,0,0,0,0
E00057597,0,0,198,0,0,0,0,0
E00057598,0,0,190,0,0,0,0,0
E00057599,0,0,0,95,0,0,0,0
E00057600,0,0,0,115,0,0,0,0
E00057601,0,0,0,131,0,0,0,0
E00057602,0,0,0,104,0,0,0,0
E00057603,0,0,0,122,0,0,0,0
E00057604,0,0,0,114,0,0,0,0
E00057605,0,0,0,114,0,0,0,0
E00057606,0,0,124,0,0,0,0,0
E00057607,0,0,0,159,0,0,0,0
E00057608,0,0,0,103,0,0,0,0
E00057609,0,0,0,96,0,0,0,0
E00057610,0,0,0,121,0,0,0,0
E00057611,0,0,0,114,0,0,0,0
E00057612,0,0,0,136,0,0,0,0
E00057613,0,0,0,123,0,0,0,0
E00057614,0,0,0,154,0,0,0,0
E00057615,0,0,0,147,0,0,0,0
E00057616,0,0,0,144,0,0,0,0
E00057617,0,0,0,117,0,0,0,0
E00057618,0,0,0,118,0,0,0,0
E00057619,0,0,0,145,0,0,0,0
E00057620,0,0,0,135,0,0,0,0
E00057621,0,0,0,149,0,0,0,0
E00057622,0,0,0,0,0,105,0,0
E00057623,0,0,0,115,0,0,0,0
E00057624,0,0,0,105,0,0,0,0
E00057625,0,0,0,0,0,136,0,0
E00057626,0,0,0,123,0,0,0,0
E00057627,0,0,0,107,0,0,0,0
E00057628,0,131,0,0,0,0,0,0
E00057629,0,119,0,0,0,0,0,0
E00057630,0,111,0,0,0,0,0,0
E00057631,0,0,0,91,0,0,0,0
E00057632,0,108,0,0,0,0,0,0
E00057633,0,94,0,0,0,0,0,0
E00057634,0,0,0,141,0,0,0,0
E00057635,0,80,0,0,0,0,0,0
E00057637,0,121,0,0,0,0,0,0
E00057638,0,104,0,0,0,0,0,0
E00057639,0,167,0,0,0,0,0,0
E00057641,0,138,0,0,0,0,0,0
E00057642,0,188,0,0,0,0,0,0
E00057643,0,133,0,0,0,0,0,0
E00057645,0,145,0,0,0,0,0,0
E00057646,0,105,0,0,0,0,0,0
E00057647,0,96,0,0,0,0,0,0
E00057648,0,142,0,0,0,0,0,0
E00057649,0,0,0,117,0,0,0,0
E00057650,0,148,0,0,0,0,0,0
E00057651,0,98,0,0,0,0,0,0
E00057652,0,80,0,0,0,0,0,0
E00057653,0,97,0,0,0,0,0,0
E00057654,0,123,0,0,0,0,0,0
E00057655,0,0,0,113,0,0,0,0
E00057656,0,49,0,0,0,0,0,0
E00057657,0,106,0,0,0,0,0,0
E00057658,0,110,0,0,0,0,0,0
E00057659,0,105,0,0,0,0,0,0
E00057660,0,45,0,0,0,0,0,0
E00057661,0,114,0,0,0,0,0,0
E00057662,0,117,0,0,0,0,0,0
E00057663,0,110,0,0,0,0,0,0
E00057664,0,94,0,0,0,0,0,0
E00057665,0,90,0,0,0,0,0,0
E00057666,0,138,0,0,0,0,0,0
E00057667,0,0,73,0,0,0,0,0
E00057668,0,0,0,71,0,0,0,0
E00057669,0,133,0,0,0,0,0,0
E00057670,0,0,0,85,0,0,0,0
E00057671,0,0,0,0,0,0,0,71
E00057672,0,0,0,118,0,0,0,0
E00057673,0,0,0,0,163,0,0,0
E00057674,0,99,0,0,0,0,0,0
E00057675,0,0,0,89,0,0,0,0
E00057676,0,0,0,104,0,0,0,0
E00057679,0,71,0,0,0,0,0,0
E00057680,0,93,0,0,0,0,0,0
E00057681,0,185,0,0,0,0,0,0
E00057682,0,125,0,0,0,0,0,0
E00057683,0,77,0,0,0,0,0,0
E00057684,0,45,0,0,0,0,0,0
E00057685,0,99,0,0,0,0,0,0
E00057686,0,104,0,0,0,0,0,0
E00057687,0,40,0,0,0,0,0,0
E00057689,0,125,0,0,0,0,0,0
E00057690,0,120,0,0,0,0,0,0
E00057691,0,112,0,0,0,0,0,0
E00057692,0,121,0,0,0,0,0,0
E00057693,0,98,0,0,0,0,0,0
E00057695,0,78,0,0,0,0,0,0
E00057696,0,99,0,0,0,0,0,0
E00057697,0,114,0,0,0,0,0,0
E00057698,0,0,0,0,120,0,0,0
E00057699,0,92,0,0,0,0,0,0
E00057700,0,95,0,0,0,0,0,0
E00057701,0,90,0,0,0,0,0,0
E00057702,0,115,0,0,0,0,0,0
E00057703,0,137,0,0,0,0,0,0
E00057704,0,76,0,0,0,0,0,0
E00057705,0,0,0,0,154,0,0,0
E00057706,0,0,0,0,88,0,0,0
E00057707,0,0,0,0,102,0,0,0
E00057708,0,0,0,0,106,0,0,0
E00057709,0,0,0,0,0,141,0,0
E00057710,0,0,0,0,0,135,0,0
E00057711,0,0,0,0,0,141,0,0
E00057712,0,0,0,0,0,143,0,0
E00057713,0,0,0,0,0,115,0,0
E00057714,0,0,0,0,118,0,0,0
E00057715,0,0,0,0,0,113,0,0
E00057716,0,0,0,0,0,143,0,0
E00057717,0,0,0,0,0,0,0,132
E00057718,0,0,0,0,0,0,0,141
E00057719,0,0,0,0,0,132,0,0
E00057720,0,0,0,0,119,0,0,0
E00057721,0,0,0,0,142,0,0,0
E00057722,0,0,0,0,0,136,0,0
E00057723,0,0,0,0,163,0,0,0
E00057724,0,0,0,0,135,0,0,0
E00057725,0,0,0,0,0,126,0,0
E00057727,0,0,0,0,0,134,0,0
E00057728,0,0,0,0,118,0,0,0
E00057729,0,0,0,0,0,122,0,0
E00057730,0,0,0,0,0,95,0,0
E00057731,0,0,0,0,0,138,0,0
E00057732,0,0,0,0,177,0,0,0
E00057733,0,0,0,0,0,128,0,0
E00057734,0,0,0,0,140,0,0,0
E00057735,0,0,0,0,179,0,0,0
E00057736,0,0,0,0,124,0,0,0
E00057737,0,0,0,0,118,0,0,0
E00057738,0,0,0,0,142,0,0,0
E00057739,0,0,0,0,141,0,0,0
E00057740,0,0,0,0,139,0,0,0
E00057741,0,0,0,0,0,116,0,0
E00057742,0,0,0,0,0,130,0,0
E00057743,0,0,0,0,0,110,0,0
E00057744,0,0,0,0,125,0,0,0
E00057745,0,0,0,0,0,116,0,0
E00057746,0,0,0,0,0,0,115,0
E00057747,0,0,0,0,139,0,0,0
E00057748,0,0,0,0,0,0,0,127
E00057749,0,0,0,0,0,95,0,0
E00057750,0,0,0,0,0,137,0,0
E00057751,0,0,0,0,0,109,0,0
E00057752,0,0,0,0,0,0,128,0
E00057753,0,0,0,0,110,0,0,0
E00057754,0,0,0,0,123,0,0,0
E00057755,0,0,0,0,146,0,0,0
E00057756,0,0,0,0,132,0,0,0
E00057757,0,0,0,0,127,0,0,0
E00057758,0,0,0,0,0,0,0,141
E00057759,0,0,0,0,118,0,0,0
E00057760,0,0,0,0,0,0,131,0
E00057761,0,0,0,0,131,0,0,0
E00057762,0,0,0,0,0,0,0,116
E00057763,0,0,0,0,152,0,0,0
E00057764,0,0,0,0,0,0,0,137
E00057765,0,0,0,0,150,0,0,0
E00057766,0,0,0,0,127,0,0,0
E00057767,0,0,0,0,120,0,0,0
E00057768,0,0,0,0,0,0,0,130
E00057769,0,0,0,0,166,0,0,0
E00057770,0,0,0,0,0,0,125,0
E00057771,0,0,0,0,126,0,0,0
E00057772,0,0,0,0,0,0,142,0
E00057773,0,0,0,0,127,0,0,0
E00057774,0,0,0,0,0,89,0,0
E00057775,0,0,0,0,129,0,0,0
E00057776,0,0,0,0,0,0,0,131
E00057777,0,0,0,0,0,0,141,0
E00057778,0,0,0,0,0,0,0,114
E00057779,0,0,0,0,0,0,122,0
E00057780,0,0,0,0,0,0,134,0
E00057781,0,0,0,0,0,0,124,0
E00057782,0,0,0,0,0,0,0,121
E00057783,0,0,0,0,0,0,135,0
E00057784,0,0,0,0,0,0,0,131
E00057785,0,0,0,0,0,0,0,134
E00057786,0,0,0,0,0,0,0,127
E00057787,0,0,0,163,0,0,0,0
E00057788,0,0,0,0,0,0,152,0
E00057789,0,0,0,0,0,0,160,0
E00057790,0,0,0,91,0,0,0,0
E00057791,0,0,0,0,0,0,143,0
E00057792,0,0,0,0,0,128,0,0
E00057793,0,0,0,0,0,0,115,0
E00057794,0,0,0,0,0,0,127,0
E00057795,0,0,0,0,0,0,0,140
E00057796,0,0,0,0,0,0,0,105
E00057797,0,0,0,0,0,0,0,135
E00057798,0,0,0,0,0,0,0,135
E00057799,0,0,0,0,0,0,0,90
E00057800,0,0,0,0,0,0,113,0
E00057801,0,0,0,0,0,0,132,0
E00057802,0,0,0,0,0,0,89,0
E00057803,0,0,0,0,0,0,0,102
E00057804,0,0,0,0,0,0,0,113
E00057805,0,0,0,0,0,0,0,109
E00057806,0,0,0,0,0,0,0,184
E00057807,0,0,0,0,0,0,114,0
E00057808,0,0,0,140,0,0,0,0
E00057809,0,0,0,99,0,0,0,0
E00057810,0,0,0,0,0,0,0,135
E00057811,0,0,0,0,0,0,159,0
E00057812,0,0,0,0,0,115,0,0
E00057813,0,0,0,0,125,0,0,0
E00057814,0,0,0,0,0,0,0,133
E00057815,0,0,0,0,0,140,0,0
E00057816,0,0,0,0,0,0,0,114
E00057817,0,0,0,0,0,0,137,0
E00057818,0,0,0,0,0,0,128,0
E00057819,0,0,0,0,0,0,0,128
E00057820,0,0,0,0,0,0,0,121
E00057821,0,0,0,0,0,0,128,0
E00057822,0,0,0,0,0,0,0,134
E00057823,0,0,0,0,0,0,139,0
E00057824,0,0,0,0,0,0,0,126
E00057825,0,0,0,0,0,0,166,0
E00057826,0,0,0,113,0,0,0,0
E00057827,0,0,0,0,0,0,114,0
E00057828,0,0,0,0,0,0,121,0
E00057829,0,0,0,0,0,0,108,0
E00057830,0,0,0,0,0,0,94,0
E00057831,0,0,0,0,0,0,117,0
E00057832,0,160,0,0,0,0,0,0
E00057833,0,0,0,134,0,0,0,0
E00057834,0,0,0,0,0,0,148,0
E00057835,0,0,0,127,0,0,0,0
E00057838,0,0,0,131,0,0,0,0
E00057839,0,0,0,0,153,0,0,0
E00057840,0,0,0,0,0,0,0,134
E00057841,0,0,0,132,0,0,0,0
E00057842,0,139,0,0,0,0,0,0
E00057843,0,0,0,154,0,0,0,0
E00057844,0,0,0,129,0,0,0,0
E00057845,0,141,0,0,0,0,0,0
E00057846,0,0,0,117,0,0,0,0
E00057847,0,0,0,114,0,0,0,0
E00057848,0,119,0,0,0,0,0,0
E00057849,0,0,117,0,0,0,0,0
E00057850,0,137,0,0,0,0,0,0
E00057851,0,154,0,0,0,0,0,0
E00057852,0,140,0,0,0,0,0,0
E00057853,0,0,0,111,0,0,0,0
E00057854,0,0,0,149,0,0,0,0
E00057855,0,0,0,138,0,0,0,0
E00057856,0,0,149,0,0,0,0,0
E00057857,0,0,130,0,0,0,0,0
E00057858,0,0,127,0,0,0,0,0
E00057859,0,0,0,144,0,0,0,0
E00057860,0,0,0,0,0,0,123,0
E00057861,0,0,0,0,0,0,129,0
E00057862,0,0,0,144,0,0,0,0
E00057863,0,0,0,0,0,0,136,0
E00057864,0,0,0,118,0,0,0,0
E00057865,0,0,0,137,0,0,0,0
E00057866,0,0,0,138,0,0,0,0
E00057867,0,0,0,136,0,0,0,0
E00057868,0,0,0,0,108,0,0,0
E00057869,0,0,0,144,0,0,0,0
E00057871,0,0,0,0,118,0,0,0
E00057872,0,0,0,0,0,100,0,0
E00057873,0,0,0,0,123,0,0,0
E00057874,0,0,0,0,120,0,0,0
E00057875,0,0,0,177,0,0,0,0
E00057876,0,0,0,162,0,0,0,0
E00057877,0,0,0,0,0,0,0,102
E00057878,0,0,0,0,123,0,0,0
E00057879,0,202,0,0,0,0,0,0
E00057880,0,0,0,0,0,0,130,0
E00057881,0,0,0,0,128,0,0,0
E00057882,0,121,0,0,0,0,0,0
E00057883,0,132,0,0,0,0,0,0
E00057884,0,0,0,137,0,0,0,0
E00057885,0,134,0,0,0,0,0,0
E00057887,0,0,189,0,0,0,0,0
E00057888,0,0,0,0,0,0,109,0
E00057889,0,0,0,137,0,0,0,0
E00057891,0,135,0,0,0,0,0,0
E00057892,0,131,0,0,0,0,0,0
E00057893,0,0,0,110,0,0,0,0
E00057894,0,136,0,0,0,0,0,0
E00057895,0,0,0,102,0,0,0,0
E00057896,0,0,0,105,0,0,0,0
E00057897,0,0,0,117,0,0,0,0
E00057898,0,132,0,0,0,0,0,0
E00057899,0,0,0,141,0,0,0,0
E00057900,0,120,0,0,0,0,0,0
E00057901,0,0,0,126,0,0,0,0
E00057902,0,0,0,0,0,143,0,0
E00057903,0,0,0,0,0,0,0,130
E00057904,0,0,0,0,0,0,133,0
E00057905,137,0,0,0,0,0,0,0
E00057906,0,0,0,0,0,0,0,113
E00057907,0,0,0,118,0,0,0,0
E00057908,0,0,0,0,0,0,0,106
E00057909,0,0,0,0,0,0,0,138
E00057911,0,0,0,0,124,0,0,0
E00057913,0,0,0,0,0,0,121,0
E00057914,0,0,0,0,0,0,143,0
E00057916,0,0,0,0,0,0,0,128
E00057917,0,0,0,0,0,0,205,0
E00057918,0,0,0,0,0,115,0,0
E00057919,0,0,0,0,0,0,0,116
E00057920,0,0,0,0,0,0,0,128
E00057921,0,0,0,0,0,0,0,118
E00057922,0,0,0,0,0,0,94,0
E00057923,0,0,0,120,0,0,0,0
E00057924,0,0,0,0,0,0,137,0
E00057925,0,0,0,0,0,119,0,0
E00057926,0,0,0,0,0,0,0,144
E00057927,0,0,0,0,0,144,0,0
E00057928,0,0,0,0,153,0,0,0
E00057929,0,0,0,0,0,141,0,0
E00057932,0,0,0,0,0,148,0,0
E00057933,0,0,0,0,0,0,119,0
E00057934,0,0,0,0,0,0,0,130
E00057935,0,0,0,0,0,0,0,153
E00057936,0,0,0,0,0,0,0,112
E00057937,0,0,0,0,0,142,0,0
E00057938,0,0,0,0,0,0,125,0
E00057939,0,0,0,0,161,0,0,0
E00057940,0,0,0,0,0,122,0,0
E00057941,0,0,0,0,0,126,0,0
E00057942,0,0,0,0,0,0,110,0
E00057943,0,0,0,0,0,0,0,93
E00057944,0,0,0,127,0,0,0,0
E00057945,0,0,0,0,0,0,82,0
E00057946,0,0,0,0,0,0,0,133
E00057947,0,0,0,0,0,0,101,0
E00057949,0,0,0,0,0,0,94,0
E00057950,0,0,0,0,0,161,0,0
E00057951,0,0,0,0,0,0,0,120
E00057952,0,0,0,0,0,0,0,98
E00057955,0,0,0,0,137,0,0,0
E00057956,0,0,0,0,0,0,128,0
E00057957,0,0,0,0,117,0,0,0
E00057959,0,0,0,0,0,0,0,114
E00057960,0,0,0,0,0,0,0,163
E00057961,0,0,0,0,170,0,0,0
E00057962,0,0,0,0,0,118,0,0
E00057963,0,0,0,0,0,0,0,126
E00057965,0,0,0,0,0,0,0,181
E00057966,0,0,0,0,0,0,0,130
E00057967,0,0,0,0,0,0,0,111
E00057968,0,0,0,0,0,112,0,0
E00057969,0,0,0,0,0,110,0,0
E00057970,0,0,0,0,0,89,0,0
E00057971,0,0,0,0,147,0,0,0
E00057972,0,0,0,0,115,0,0,0
E00057973,0,0,0,136,0,0,0,0
E00057974,0,0,0,142,0,0,0,0
E00057975,0,0,0,0,0,141,0,0
E00057976,0,0,0,112,0,0,0,0
E00057977,0,0,0,0,139,0,0,0
E00057978,0,0,0,118,0,0,0,0
E00057979,0,0,0,141,0,0,0,0
E00057980,0,0,0,170,0,0,0,0
E00057981,0,0,0,0,95,0,0,0
E00057982,0,0,0,0,112,0,0,0
E00057983,0,0,0,113,0,0,0,0
E00057984,0,0,0,0,0,129,0,0
E00057985,0,0,0,126,0,0,0,0
E00057986,0,0,0,0,127,0,0,0
E00057987,0,0,0,125,0,0,0,0
E00057988,0,0,0,0,115,0,0,0
E00057989,0,0,0,120,0,0,0,0
E00057990,0,0,0,0,115,0,0,0
E00057991,0,0,0,0,0,114,0,0
E00057992,0,0,0,0,0,139,0,0
E00057993,0,0,0,0,0,0,134,0
E00057994,0,0,0,0,108,0,0,0
E00057995,0,0,0,0,111,0,0,0
E00057996,0,0,0,0,115,0,0,0
E00057997,0,0,0,127,0,0,0,0
E00057998,0,0,0,83,0,0,0,0
E00057999,0,0,0,0,105,0,0,0
E00058000,0,0,0,108,0,0,0,0
E00058001,0,0,0,0,0,131,0,0
E00058002,0,0,146,0,0,0,0,0
E00058003,0,0,0,0,0,97,0,0
E00058004,0,0,0,0,0,112,0,0
E00058005,0,0,0,0,0,119,0,0
E00058006,0,0,0,0,0,100,0,0
E00058007,0,0,0,0,121,0,0,0
E00058008,0,0,0,0,0,0,118,0
E00058009,0,0,0,0,0,118,0,0
E00058010,0,0,0,132,0,0,0,0
E00058011,0,0,0,0,0,0,150,0
E00058012,0,0,0,0,117,0,0,0
E00058013,0,0,0,0,0,124,0,0
E00058014,0,0,0,125,0,0,0,0
E00058015,0,0,0,0,0,0,141,0
E00058016,0,0,0,223,0,0,0,0
E00058017,0,0,0,138,0,0,0,0
E00058018,0,0,0,144,0,0,0,0
E00058019,0,0,0,0,134,0,0,0
E00058020,0,0,0,100,0,0,0,0
E00058021,0,0,0,121,0,0,0,0
E00058022,0,0,145,0,0,0,0,0
E00058023,0,0,0,147,0,0,0,0
E00058024,0,0,0,0,138,0,0,0
E00058025,0,0,0,132,0,0,0,0
E00058026,0,0,0,0,0,0,168,0
E00058027,0,0,0,0,160,0,0,0
E00058028,0,0,0,0,0,111,0,0
E00058029,0,0,0,0,0,0,111,0
E00058030,0,0,0,123,0,0,0,0
E00058031,0,0,0,123,0,0,0,0
E00058032,0,0,0,123,0,0,0,0
E00058033,0,0,0,130,0,0,0,0
E00058034,0,0,0,128,0,0,0,0
E00058036,0,0,0,111,0,0,0,0
E00058037,0,0,0,120,0,0,0,0
E00058038,0,0,0,123,0,0,0,0
E00058039,0,0,0,0,170,0,0,0
E00058040,0,0,0,0,0,0,166,0
E00058041,0,0,0,0,160,0,0,0
E00058042,0,0,0,0,0,0,0,248
E00058043,0,0,0,0,0,0,0,135
E00058044,0,0,0,0,141,0,0,0
E00058045,0,0,0,0,0,0,126,0
E00058047,0,0,0,0,128,0,0,0
E00058048,0,0,0,0,125,0,0,0
E00058049,0,0,0,0,0,0,0,118
E00058050,0,0,0,0,0,0,0,137
E00058051,0,0,0,0,125,0,0,0
E00058052,0,0,0,0,0,109,0,0
E00058053,0,0,0,0,0,0,0,128
E00058054,0,0,0,0,0,116,0,0
E00058055,0,0,0,0,0,0,0,154
E00058056,0,0,0,0,0,0,0,130
E00058057,0,0,0,0,163,0,0,0
E00058058,0,0,0,0,0,101,0,0
E00058059,0,0,0,0,151,0,0,0
E00058060,0,0,0,0,0,127,0,0
E00058061,0,0,0,0,0,138,0,0
E00058062,0,0,0,0,0,143,0,0
E00058063,0,0,0,0,116,0,0,0
E00058064,0,0,0,0,0,129,0,0
E00058065,0,0,0,0,0,0,84,0
E00058066,0,0,0,0,0,0,0,124
E00058067,0,0,0,0,0,0,0,125
E00058068,0,0,0,0,0,141,0,0
E00058069,0,0,0,0,0,122,0,0
E00058070,0,0,0,0,0,134,0,0
E00058071,0,0,0,0,0,0,0,114
E00058072,0,0,0,0,148,0,0,0
E00058073,0,0,0,0,208,0,0,0
E00058074,0,0,0,0,0,120,0,0
E00058075,0,0,0,0,0,0,0,126
E00058076,0,0,0,0,0,117,0,0
E00058077,0,0,0,0,0,118,0,0
E00058078,0,0,0,0,160,0,0,0
E00058079,0,0,0,0,0,104,0,0
E00058080,0,0,0,0,141,0,0,0
E00058081,0,0,0,0,132,0,0,0
E00058082,0,0,0,0,187,0,0,0
E00058083,0,0,0,0,136,0,0,0
E00058084,0,0,0,0,121,0,0,0
E00058086,0,0,0,0,169,0,0,0
E00058087,0,0,0,0,0,0,0,138
E00058088,0,0,0,0,135,0,0,0
E00058089,0,0,0,0,138,0,0,0
E00058090,0,0,0,0,169,0,0,0
E00058091,0,0,0,0,175,0,0,0
E00058092,0,0,0,0,132,0,0,0
E00058093,0,0,0,0,118,0,0,0
E00058094,0,0,0,0,142,0,0,0
E00058095,0,0,0,0,0,134,0,0
E00058096,0,0,0,0,138,0,0,0
E00058097,0,0,0,0,0,0,132,0
E00058098,0,0,0,0,150,0,0,0
E00058099,0,0,0,0,113,0,0,0
E00058100,0,0,0,0,127,0,0,0
E00058101,0,0,0,0,0,129,0,0
E00058102,0,0,0,0,0,130,0,0
E00058103,0,0,0,0,0,133,0,0
E00058104,0,0,0,0,0,133,0,0
E00058105,0,0,0,0,0,128,0,0
E00058106,0,0,0,0,0,119,0,0
E00058107,0,0,0,0,0,110,0,0
E00058108,0,0,0,0,0,0,0,117
E00058109,0,0,0,0,0,0,0,111
E00058110,0,0,0,0,137,0,0,0
E00058111,0,0,0,0,200,0,0,0
E00058112,0,0,0,0,143,0,0,0
E00058113,0,0,0,0,132,0,0,0
E00058114,0,0,0,0,122,0,0,0
E00058115,0,0,0,0,0,141,0,0
E00058116,0,0,0,0,0,0,114,0
E00058117,0,0,0,0,0,132,0,0
E00058118,0,0,0,0,0,0,128,0
E00058119,0,0,0,0,0,0,105,0
E00058120,0,0,0,0,0,0,0,114
E00058121,0,0,0,0,178,0,0,0
E00058122,0,0,0,0,0,129,0,0
E00058123,0,0,0,0,124,0,0,0
E00058124,0,0,0,0,0,0,81,0
E00058125,0,0,0,0,126,0,0,0
E00058126,120,0,0,0,0,0,0,0
E00058127,0,0,0,0,142,0,0,0
E00058128,0,0,0,0,0,139,0,0
E00058129,0,0,0,0,0,136,0,0
E00058130,0,0,0,0,157,0,0,0
E00058131,0,0,0,0,0,112,0,0
E00058132,0,0,0,0,172,0,0,0
E00058133,0,0,0,0,0,120,0,0
E00058134,0,0,0,0,0,125,0,0
E00058135,0,0,0,0,0,135,0,0
E00058136,0,0,0,0,124,0,0,0
E00058137,0,0,0,0,0,0,0,114
E00058138,0,0,0,0,0,134,0,0
E00058139,0,0,0,0,0,0,0,126
E00058140,0,0,0,0,0,0,0,129
E00058141,0,0,0,0,0,0,0,112
E00058142,0,0,0,0,0,0,0,127
E00058143,0,0,0,0,0,130,0,0
E00058144,0,0,0,0,0,0,0,130
E00058145,0,0,0,0,0,124,0,0
E00058146,0,0,0,0,131,0,0,0
E00058147,0,0,0,0,0,0,0,111
E00058148,0,0,0,0,0,126,0,0
E00058149,0,0,0,0,0,123,0,0
E00058150,0,0,0,0,0,131,0,0
E00058151,0,0,0,0,0,0,0,111
E00058152,0,0,0,0,0,0,0,144
E00058153,0,0,0,0,0,0,0,133
E00058154,0,0,0,0,0,138,0,0
E00058155,0,0,0,0,125,0,0,0
E00058156,0,0,0,0,0,139,0,0
E00058157,0,0,0,0,135,0,0,0
E00058158,0,0,0,0,0,125,0,0
E00058159,0,0,0,0,0,0,122,0
E00058160,124,0,0,0,0,0,0,0
E00058161,0,0,0,0,150,0,0,0
E00058162,0,0,0,0,0,118,0,0
E00058163,0,0,0,0,0,136,0,0
E00058164,0,0,0,0,0,146,0,0
E00058165,0,0,0,0,0,166,0,0
E00058166,0,0,0,0,0,108,0,0
E00058167,0,0,0,0,0,115,0,0
E00058168,0,0,0,0,139,0,0,0
E00058169,0,0,0,0,0,0,0,143
E00058170,0,0,0,0,122,0,0,0
E00058171,0,0,0,0,0,115,0,0
E00058172,0,0,0,0,0,134,0,0
E00058173,0,0,0,0,0,128,0,0
E00058174,0,0,0,0,0,0,0,110
E00058175,0,0,0,0,0,0,0,140
E00058177,0,0,0,0,0,0,0,125
E00058178,0,0,0,0,0,0,0,161
E00058179,0,0,0,0,0,113,0,0
E00058180,0,0,0,0,115,0,0,0
E00058181,0,0,0,0,148,0,0,0
E00058182,0,0,0,0,132,0,0,0
E00058183,0,0,0,0,0,122,0,0
E00058184,0,0,0,0,134,0,0,0
E00058185,0,0,0,0,117,0,0,0
E00058186,0,0,0,0,0,124,0,0
E00058187,0,0,0,0,0,0,0,130
E00058188,0,0,0,0,122,0,0,0
E00058189,0,0,0,0,0,0,173,0
E00058190,0,0,0,0,0,106,0,0
E00058191,0,0,0,0,0,0,197,0
E00058192,0,0,0,0,0,0,120,0
E00058193,0,0,0,0,0,122,0,0
E00058194,0,0,0,0,108,0,0,0
E00058195,0,0,0,0,0,0,0,117
E00058196,0,0,0,0,136,0,0,0
E00058197,0,0,0,0,108,0,0,0
E00058199,0,0,0,0,136,0,0,0
E00058200,0,0,0,0,151,0,0,0
E00058201,0,0,0,0,0,0,125,0
E00058202,0,0,0,0,0,0,0,121
E00058204,0,0,0,0,0,0,123,0
E00058205,0,0,0,0,0,0,0,205
E00058206,0,0,0,0,118,0,0,0
E00058207,0,0,0,0,0,147,0,0
E00058208,0,0,0,0,144,0,0,0
E00058209,0,0,0,0,0,139,0,0
E00058210,0,0,0,0,0,111,0,0
E00058211,0,0,0,0,0,0,127,0
E00058212,0,0,0,0,0,103,0,0
E00058213,0,0,0,0,0,0,121,0
E00058214,0,0,0,0,188,0,0,0
E00058215,0,0,0,0,168,0,0,0
E00058216,0,0,0,0,0,0,151,0
E00058217,0,0,0,0,137,0,0,0
E00058218,0,0,0,0,0,0,0,100
E00058219,0,0,0,0,0,0,0,131
E00058220,0,0,0,0,167,0,0,0
E00058221,0,0,0,0,0,0,0,112
E00058222,0,0,0,0,0,0,165,0
E00058223,0,0,0,0,0,133,0,0
E00058224,0,0,0,0,0,0,0,129
E00058225,0,0,0,0,249,0,0,0
E00058226,0,0,0,138,0,0,0,0
E00058227,0,0,0,0,117,0,0,0
E00058228,0,0,0,0,104,0,0,0
E00058229,0,0,0,104,0,0,0,0
E00058230,0,0,145,0,0,0,0,0
E00058231,0,0,0,113,0,0,0,0
E00058232,0,0,0,0,0,0,128,0
E00058233,0,0,0,145,0,0,0,0
E00058234,0,0,0,0,0,126,0,0
E00058235,0,0,0,0,116,0,0,0
E00058236,0,0,0,0,144,0,0,0
E00058237,0,0,0,0,0,122,0,0
E00058238,0,0,0,0,0,112,0,0
E00058239,0,0,0,0,126,0,0,0
E00058240,0,0,0,0,0,129,0,0
E00058241,0,0,0,0,0,111,0,0
E00058242,0,0,0,0,0,107,0,0
E00058243,0,0,0,0,0,111,0,0
E00058244,0,0,0,0,0,114,0,0
E00058245,0,132,0,0,0,0,0,0
E00058246,0,0,0,0,0,104,0,0
E00058247,0,0,0,0,0,113,0,0
E00058248,0,0,0,0,0,109,0,0
E00058249,0,0,0,0,116,0,0,0
E00058250,0,0,0,0,126,0,0,0
E00058251,0,0,0,0,118,0,0,0
E00058252,0,0,0,0,135,0,0,0
E00058253,0,0,0,0,131,0,0,0
E00058254,0,0,0,105,0,0,0,0
E00058255,0,0,0,130,0,0,0,0
E00058256,0,0,117,0,0,0,0,0
E00058257,0,0,0,100,0,0,0,0
E00058258,0,0,123,0,0,0,0,0
E00058259,0,130,0,0,0,0,0,0
E00058260,0,0,0,136,0,0,0,0
E00058261,0,0,0,133,0,0,0,0
E00058262,0,0,186,0,0,0,0,0
E00058263,0,0,173,0,0,0,0,0
E00058264,0,0,0,108,0,0,0,0
E00058265,0,0,0,110,0,0,0,0
E00058266,56,0,0,0,0,0,0,0
E00058267,0,0,0,0,0,111,0,0
E00058268,0,0,0,0,0,120,0,0
E00058269,0,0,0,0,119,0,0,0
E00058270,0,0,0,0,0,125,0,0
E00058271,0,0,0,0,119,0,0,0
E00058272,0,0,0,0,0,115,0,0
E00058273,0,0,0,0,124,0,0,0
E00058274,0,0,0,0,0,117,0,0
E00058275,0,0,0,0,0,129,0,0
E00058276,0,0,0,0,110,0,0,0
E00058277,0,0,0,0,111,0,0,0
E00058278,0,0,0,0,0,117,0,0
E00058279,0,0,0,122,0,0,0,0
E00058280,0,0,0,0,0,103,0,0
E00058281,0,0,0,0,0,131,0,0
E00058282,0,0,0,0,0,113,0,0
E00058283,0,0,0,0,0,115,0,0
E00058284,0,0,0,0,0,111,0,0
E00058285,0,90,0,0,0,0,0,0
E00058286,0,0,0,0,100,0,0,0
E00058287,0,0,0,0,165,0,0,0
E00058288,0,0,0,0,0,122,0,0
E00058289,0,0,0,0,0,111,0,0
E00058290,0,0,0,0,0,111,0,0
E00058291,0,0,0,0,118,0,0,0
E00058292,0,0,0,0,0,118,0,0
E00058293,0,0,0,0,0,124,0,0
E00058294,0,0,0,0,133,0,0,0
E00058295,155,0,0,0,0,0,0,0
E00058296,0,0,0,0,0,131,0,0
E00058297,0,0,0,0,0,121,0,0
E00058298,0,0,0,0,131,0,0,0
E00058299,0,0,0,0,0,121,0,0
E00058300,0,0,0,0,0,132,0,0
E00058301,0,0,0,0,0,123,0,0
E00058302,0,0,0,0,114,0,0,0
E00058303,0,0,0,0,0,126,0,0
E00058304,0,0,0,0,0,132,0,0
E00058305,0,0,0,0,0,0,0,110
E00058306,0,0,0,0,0,0,0,126
E00058307,0,0,0,0,0,0,0,114
E00058308,0,0,0,0,0,136,0,0
E00058309,0,0,0,0,0,133,0,0
E00058310,0,0,0,0,0,127,0,0
E00058311,0,0,0,0,0,0,0,120
E00058312,0,0,0,0,86,0,0,0
E00058313,0,0,0,0,133,0,0,0
E00058314,0,0,0,0,0,129,0,0
E00058315,0,0,0,0,125,0,0,0
E00058317,0,0,0,0,136,0,0,0
E00058318,0,0,0,0,0,114,0,0
E00058319,113,0,0,0,0,0,0,0
E00058320,0,0,0,0,0,106,0,0
E00058321,0,0,0,0,120,0,0,0
E00058322,0,0,0,0,0,122,0,0
E00058323,0,0,0,0,0,122,0,0
E00058325,0,0,0,0,148,0,0,0
E00058326,0,0,0,0,0,126,0,0
E00058327,165,0,0,0,0,0,0,0
E00058328,0,0,0,0,0,127,0,0
E00058329,0,0,0,0,0,131,0,0
E00058330,0,0,0,0,0,129,0,0
E00058331,0,0,0,0,0,133,0,0
E00058332,72,0,0,0,0,0,0,0
E00058333,0,0,0,0,0,134,0,0
E00058334,0,0,0,0,137,0,0,0
E00058335,0,0,0,0,0,0,144,0
E00058336,0,0,0,0,0,122,0,0
E00058337,0,0,0,0,140,0,0,0
E00058338,0,0,0,0,0,135,0,0
E00058339,0,0,0,0,0,109,0,0
E00058340,0,0,0,0,0,171,0,0
E00058341,0,0,0,0,0,114,0,0
E00058342,0,0,0,0,0,0,0,87
E00058343,0,0,0,0,0,0,0,108
E00058344,0,0,0,0,137,0,0,0
E00058345,0,0,0,0,124,0,0,0
E00058346,0,0,0,0,139,0,0,0
E00058347,0,0,0,0,0,116,0,0
E00058348,0,0,0,0,131,0,0,0
E00058349,0,0,0,0,121,0,0,0
E00058350,0,0,0,0,0,132,0,0
E00058351,0,0,0,0,127,0,0,0
E00058352,0,0,0,0,0,0,160,0
E00058353,0,0,0,0,0,0,101,0
E00058354,0,0,0,0,170,0,0,0
E00058355,0,0,0,0,129,0,0,0
E00058356,0,0,0,0,170,0,0,0
E00058357,0,0,0,0,0,128,0,0
E00058358,0,0,0,0,123,0,0,0
E00058359,0,0,0,0,135,0,0,0
E00058360,0,0,0,0,0,0,0,119
E00058361,0,0,0,0,142,0,0,0
E00058362,0,0,0,0,0,0,0,142
E00058363,0,0,0,0,127,0,0,0
E00058364,0,0,0,0,0,148,0,0
E00058365,0,0,0,0,0,0,0,114
E00058366,0,0,0,0,139,0,0,0
E00058367,0,0,0,0,0,139,0,0
E00058368,0,0,0,0,0,111,0,0
E00058369,0,0,0,0,0,154,0,0
E00058370,0,0,0,0,0,0,0,101
E00058371,0,0,0,0,136,0,0,0
E00058372,0,0,0,0,0,0,0,125
E00058373,0,0,0,0,0,0,0,107
E00058374,0,0,0,0,0,0,0,112
E00058375,0,0,0,0,112,0,0,0
E00058376,0,0,0,0,0,114,0,0
E00058377,0,0,0,0,0,0,110,0
E00058378,0,0,0,0,0,0,0,111
E00058379,0,0,0,0,0,0,111,0
E00058380,0,0,0,0,0,0,0,141
E00058381,0,0,0,0,127,0,0,0
E00058382,0,0,0,0,0,0,0,131
E00058383,0,0,0,0,0,212,0,0
E00058384,0,0,0,0,0,160,0,0
E00058385,0,0,0,0,116,0,0,0
E00058386,0,0,0,0,0,213,0,0
E00058387,0,0,0,0,152,0,0,0
E00058388,0,0,0,0,0,118,0,0
E00058389,0,0,0,0,189,0,0,0
E00058390,0,0,0,0,0,141,0,0
E00058391,0,0,0,0,0,132,0,0
E00058392,0,0,0,0,0,0,0,124
E00058393,0,0,0,0,0,0,118,0
E00058394,0,0,0,0,120,0,0,0
E00058395,0,0,0,0,151,0,0,0
E00058396,0,0,0,0,0,121,0,0
E00058397,0,0,0,141,0,0,0,0
E00058398,0,0,0,129,0,0,0,0
E00058399,0,0,0,0,0,0,0,158
E00058400,0,0,0,0,0,125,0,0
E00058401,0,0,0,0,0,0,0,155
E00058402,0,0,0,0,135,0,0,0
E00058403,91,0,0,0,0,0,0,0
E00058404,0,0,0,0,0,0,0,121
E00058405,0,0,0,0,0,0,0,114
E00058406,0,0,0,0,129,0,0,0
E00058407,0,0,0,0,202,0,0,0
E00058408,0,0,0,0,144,0,0,0
E00058409,0,0,0,0,0,121,0,0
E00058410,0,0,0,0,0,100,0,0
E00058411,0,0,0,0,0,0,0,121
E00058412,0,0,0,0,0,0,0,120
E00058413,0,0,0,0,161,0,0,0
E00058414,0,0,0,0,0,0,0,132
E00058415,0,0,0,127,0,0,0,0
E00058416,0,0,0,0,204,0,0,0
E00058417,0,0,0,0,140,0,0,0
E00058418,0,0,0,0,0,124,0,0
E00058419,0,0,0,0,120,0,0,0
E00058420,0,0,0,0,116,0,0,0
E00058421,0,0,0,0,135,0,0,0
E00058422,0,0,0,0,131,0,0,0
E00058423,0,0,0,0,146,0,0,0
E00058424,0,0,0,0,119,0,0,0
E00058425,0,0,0,80,0,0,0,0
E00058426,0,0,0,0,0,139,0,0
E00058427,0,0,0,117,0,0,0,0
E00058428,0,0,0,113,0,0,0,0
E00058429,0,0,0,104,0,0,0,0
E00058430,0,0,0,126,0,0,0,0
E00058431,0,0,0,104,0,0,0,0
E00058432,0,0,0,0,0,0,0,115
E00058433,0,0,0,0,0,0,0,132
E00058434,0,0,0,0,0,131,0,0
E00058435,0,0,0,0,125,0,0,0
E00058436,0,0,0,0,119,0,0,0
E00058437,0,0,0,0,104,0,0,0
E00058438,0,0,0,0,0,0,0,118
E00058439,0,0,0,0,107,0,0,0
E00058440,0,0,0,0,0,111,0,0
E00058441,0,0,0,0,175,0,0,0
E00058442,0,0,0,0,130,0,0,0
E00058443,0,0,0,0,131,0,0,0
E00058444,0,0,0,0,0,142,0,0
E00058445,0,0,0,0,0,130,0,0
E00058446,0,0,0,0,128,0,0,0
E00058447,0,0,0,0,176,0,0,0
E00058448,0,0,0,0,0,100,0,0
E00058449,0,0,0,0,148,0,0,0
E00058450,0,0,0,0,0,106,0,0
E00058451,0,0,0,0,128,0,0,0
E00058452,0,0,0,0,181,0,0,0
E00058453,0,0,0,0,226,0,0,0
E00058454,0,0,0,0,175,0,0,0
E00058455,0,0,0,0,0,136,0,0
E00058456,0,0,0,0,0,134,0,0
E00058457,0,0,0,0,133,0,0,0
E00058458,0,0,0,0,240,0,0,0
E00058459,0,0,0,0,0,0,134,0
E00058460,0,0,0,0,0,102,0,0
E00058461,0,0,0,0,0,117,0,0
E00058462,0,0,0,0,126,0,0,0
E00058463,0,0,0,0,0,0,0,122
E00058464,0,0,0,0,135,0,0,0
E00058465,0,0,0,0,0,131,0,0
E00058466,0,0,0,0,0,0,0,65
E00058467,0,0,0,0,106,0,0,0
E00058468,0,0,0,0,0,0,0,142
E00058469,0,0,0,0,161,0,0,0
E00058470,0,0,0,0,156,0,0,0
E00058471,0,0,0,0,0,0,132,0
E00058472,0,0,0,0,151,0,0,0
E00058473,0,0,0,0,0,0,155,0
E00058474,0,0,0,0,0,0,145,0
E00058475,0,0,0,0,159,0,0,0
E00058476,0,0,0,0,0,129,0,0
E00058477,0,0,0,0,119,0,0,0
E00058478,0,0,0,0,176,0,0,0
E00058479,0,0,0,0,132,0,0,0
E00058480,0,0,0,0,120,0,0,0
E00058481,0,0,0,0,0,0,0,123
E00058482,0,0,0,0,133,0,0,0
E00058484,0,0,0,0,104,0,0,0
E00058485,0,0,0,0,149,0,0,0
E00058486,0,0,0,0,151,0,0,0
E00058487,0,0,0,0,0,130,0,0
E00058488,0,0,0,0,136,0,0,0
E00058489,0,0,0,0,0,0,0,133
E00058490,0,0,0,0,0,0,0,159
E00058491,0,0,0,0,121,0,0,0
E00058492,0,0,0,0,183,0,0,0
E00058493,0,0,0,0,125,0,0,0
E00058494,0,0,0,0,0,0,123,0
E00058495,0,0,0,0,145,0,0,0
E00058496,0,0,0,0,128,0,0,0
E00058497,0,0,0,143,0,0,0,0
E00058498,0,0,0,0,150,0,0,0
E00058499,0,0,0,0,0,130,0,0
E00058500,0,0,0,0,0,123,0,0
E00058501,0,0,0,0,0,0,0,140
E00058502,0,0,0,0,0,130,0,0
E00058503,0,0,0,0,128,0,0,0
E00058504,0,0,0,0,137,0,0,0
E00058505,0,0,0,0,0,0,0,123
E00058506,0,0,0,0,0,0,0,124
E00058507,0,0,0,0,0,0,0,136
E00058508,0,0,0,0,114,0,0,0
E00058509,0,0,0,0,0,0,131,0
E00058510,0,0,0,0,0,0,0,114
E00058511,0,0,0,0,0,0,0,133
E00058512,0,0,0,0,0,137,0,0
E00058513,0,0,0,0,0,0,0,95
E00058514,0,0,0,0,0,0,102,0
E00058515,0,0,0,0,0,115,0,0
E00058516,0,0,0,0,0,0,98,0
E00058517,0,0,0,0,0,0,0,140
E00058518,0,0,0,0,111,0,0,0
E00058519,0,0,0,0,0,0,97,0
E00058520,0,0,0,0,0,0,0,109
E00058521,0,0,0,0,134,0,0,0
E00058522,0,0,0,0,0,0,114,0
E00058523,0,0,0,0,0,0,0,107
E00058524,0,0,0,0,0,0,80,0
E00058525,0,0,0,0,124,0,0,0
E00058526,0,0,0,0,140,0,0,0
E00058527,0,0,0,0,0,127,0,0
E00058528,0,0,0,0,0,0,0,102
E00058529,0,0,0,0,125,0,0,0
E00058530,0,0,0,0,0,0,131,0
E00058531,0,0,0,0,0,0,0,102
E00058532,0,0,0,0,106,0,0,0
E00058533,0,0,0,0,120,0,0,0
E00058534,0,0,0,0,0,0,149,0
E00058535,0,0,0,0,0,0,0,128
E00058536,0,0,0,0,0,117,0,0
E00058537,0,0,0,0,0,118,0,0
E00058538,0,0,0,0,162,0,0,0
E00058539,0,0,0,0,0,0,0,121
E00058540,0,0,0,0,0,0,0,102
E00058541,0,0,0,0,0,0,0,122
E00058543,0,0,0,124,0,0,0,0
E00058544,0,0,0,177,0,0,0,0
E00058545,0,0,0,0,0,0,137,0
E00058546,0,0,0,0,0,0,99,0
E00058547,0,0,0,0,0,0,0,121
E00058548,0,0,0,157,0,0,0,0
E00058549,0,0,0,0,0,0,0,142
E00058550,0,0,0,0,0,0,127,0
E00058551,0,0,0,0,0,0,0,168
E00058552,0,0,0,175,0,0,0,0
E00058554,0,0,0,0,0,0,0,113
E00058555,0,0,0,184,0,0,0,0
E00058556,0,0,0,0,0,0,0,114
E00058557,0,0,0,124,0,0,0,0
E00058558,0,0,0,0,162,0,0,0
E00058559,0,0,0,0,0,0,0,120
E00058561,0,0,0,96,0,0,0,0
E00058562,0,0,0,0,0,0,0,140
E00058563,0,0,0,0,0,0,123,0
E00058564,0,0,0,0,0,0,0,158
E00058565,0,0,111,0,0,0,0,0
E00058566,0,0,0,120,0,0,0,0
E00058567,0,0,155,0,0,0,0,0
E00058568,0,0,0,124,0,0,0,0
E00058571,0,0,0,127,0,0,0,0
E00058572,0,0,0,175,0,0,0,0
E00058573,0,0,0,0,0,0,0,126
E00058574,0,0,0,131,0,0,0,0
E00058575,0,0,0,0,0,0,96,0
E00058576,0,0,0,147,0,0,0,0
E00058577,0,0,0,129,0,0,0,0
E00058578,0,0,0,104,0,0,0,0
E00058579,0,0,0,103,0,0,0,0
E00058580,0,0,0,0,0,0,129,0
E00058581,0,0,0,135,0,0,0,0
E00058583,0,0,0,0,0,0,112,0
E00058585,0,0,0,114,0,0,0,0
E00058586,0,0,0,95,0,0,0,0
E00058587,0,0,0,105,0,0,0,0
E00058588,0,0,0,0,0,0,0,129
E00058589,0,0,0,0,0,0,0,127
E00058590,0,0,0,0,0,0,0,142
E00058591,0,0,0,0,0,0,124,0
E00058592,0,0,0,136,0,0,0,0
E00058593,0,0,0,0,0,0,127,0
E00058594,0,0,0,0,0,0,0,139
E00058595,0,0,0,0,0,0,0,112
E00058596,0,0,0,0,130,0,0,0
E00058597,0,0,0,141,0,0,0,0
E00058598,0,0,0,0,0,0,0,104
E00058599,0,0,0,0,0,0,0,128
E00058600,0,0,0,136,0,0,0,0
E00058601,0,0,0,0,141,0,0,0
E00058602,0,0,0,0,0,0,0,125
E00058603,0,0,0,0,0,121,0,0
E00058604,0,0,0,0,0,119,0,0
E00058605,0,0,0,0,0,150,0,0
E00058606,0,0,0,0,0,126,0,0
E00058607,0,0,0,0,0,140,0,0
E00058608,0,0,0,0,0,0,0,130
E00058609,0,0,0,0,0,138,0,0
E00058610,0,0,0,0,0,151,0,0
E00058611,0,0,0,0,0,0,0,137
E00058612,0,0,0,0,0,0,0,127
E00058613,0,0,0,0,0,112,0,0
E00058614,0,0,0,0,124,0,0,0
E00058616,0,0,0,0,0,140,0,0
E00058618,0,0,0,0,0,125,0,0
E00058619,0,0,0,0,0,0,0,122
E00058620,0,0,0,0,0,0,0,146
E00058621,0,0,0,0,0,0,0,126
E00058622,0,0,0,0,0,0,118,0
E00058623,0,0,0,0,0,129,0,0
E00058624,0,0,0,0,0,0,0,120
E00058625,0,0,0,0,0,121,0,0
E00058626,0,0,0,0,116,0,0,0
E00058627,0,0,0,0,111,0,0,0
E00058628,0,0,0,0,123,0,0,0
E00058629,0,0,0,0,122,0,0,0
E00058630,0,0,0,0,0,136,0,0
E00058631,0,0,0,0,118,0,0,0
E00058632,0,0,0,0,0,0,0,120
E00058633,0,0,0,0,0,0,0,135
E00058634,0,0,0,0,0,0,116,0
E00058635,0,0,0,0,0,0,0,127
E00058636,0,0,0,0,0,0,0,123
E00058637,0,0,0,0,132,0,0,0
E00058638,0,0,0,0,0,128,0,0
E00058639,0,0,0,0,0,127,0,0
E00058640,0,0,0,0,0,145,0,0
E00058641,0,0,0,0,220,0,0,0
E00058642,0,0,0,0,0,137,0,0
E00058643,0,0,0,0,0,0,0,129
E00058644,0,0,0,0,0,0,0,115
E00058646,0,0,0,0,0,0,0,113
E00058647,0,0,0,0,0,0,0,130
E00058648,0,0,0,0,0,0,0,111
E00058649,0,0,0,0,0,0,0,133
E00058650,0,0,0,0,0,0,0,116
E00058651,0,0,0,0,0,110,0,0
E00058652,0,0,0,0,185,0,0,0
E00058653,0,0,0,0,127,0,0,0
E00058654,0,0,0,0,0,113,0,0
E00058655,0,0,0,0,0,0,0,79
E00058656,0,0,0,0,0,120,0,0
E00058657,0,0,0,0,0,118,0,0
E00058658,0,0,0,0,0,118,0,0
E00058659,0,0,0,0,0,0,125,0
E00058660,0,0,0,0,0,0,0,118
E00058661,0,0,0,0,0,0,0,123
E00058662,0,0,0,0,0,0,0,124
E00058663,0,0,0,0,0,0,0,115
E00058664,0,0,0,0,142,0,0,0
E00058665,0,0,0,0,0,0,0,122
E00058666,0,0,0,0,0,115,0,0
E00058667,0,0,0,0,0,0,105,0
E00058668,0,0,0,0,171,0,0,0
E00058669,0,0,0,0,0,0,0,141
E00058670,0,0,0,0,0,0,120,0
E00058671,0,0,0,0,155,0,0,0
E00058672,0,0,0,0,138,0,0,0
E00058673,0,0,0,0,0,120,0,0
E00058674,0,0,0,0,0,0,129,0
E00058675,0,0,0,0,126,0,0,0
E00058676,0,0,0,125,0,0,0,0
E00058677,0,0,0,0,125,0,0,0
E00058678,0,0,0,127,0,0,0,0
E00058679,0,0,0,180,0,0,0,0
E00058680,0,0,0,0,121,0,0,0
E00058681,0,0,0,0,149,0,0,0
E00058682,0,0,0,0,168,0,0,0
E00058683,0,0,0,0,124,0,0,0
E00058684,0,0,0,0,168,0,0,0
E00058685,0,0,0,141,0,0,0,0
E00058686,0,0,0,0,150,0,0,0
E00058687,0,0,0,0,111,0,0,0
E00058688,0,0,0,0,114,0,0,0
E00058689,0,0,0,197,0,0,0,0
E00058690,0,0,0,0,132,0,0,0
E00058691,0,0,0,0,136,0,0,0
E00058692,0,0,0,0,0,107,0,0
E00058693,0,0,0,0,0,123,0,0
E00058694,0,0,0,0,135,0,0,0
E00058695,0,0,0,0,107,0,0,0
E00058696,0,0,0,0,130,0,0,0
E00058697,0,0,0,0,102,0,0,0
E00058698,0,0,0,137,0,0,0,0
E00058699,0,0,0,0,0,139,0,0
E00058700,0,0,0,0,103,0,0,0
E00058701,0,0,0,0,134,0,0,0
E00058702,0,0,0,0,0,0,119,0
E00058703,0,0,0,0,143,0,0,0
E00058704,0,0,0,0,0,127,0,0
E00058705,0,114,0,0,0,0,0,0
E00058706,0,0,0,0,114,0,0,0
E00058707,0,0,0,137,0,0,0,0
E00058708,0,0,0,0,0,128,0,0
E00058709,0,0,0,108,0,0,0,0
E00058710,0,0,0,114,0,0,0,0
E00058711,0,0,0,114,0,0,0,0
E00058712,0,0,0,133,0,0,0,0
E00058713,0,0,0,127,0,0,0,0
E00058714,0,0,0,117,0,0,0,0
E00058715,0,0,0,136,0,0,0,0
E00058716,0,0,0,122,0,0,0,0
E00058717,0,0,0,131,0,0,0,0
E00058718,0,0,0,123,0,0,0,0
E00058719,0,0,0,127,0,0,0,0
E00058720,0,0,0,123,0,0,0,0
E00058721,0,0,0,0,145,0,0,0
E00058722,0,0,0,106,0,0,0,0
E00058723,0,0,0,0,137,0,0,0
E00058724,0,0,0,0,0,108,0,0
E00058725,0,0,0,0,108,0,0,0
E00058726,0,0,0,0,0,0,117,0
E00058727,0,0,0,0,0,113,0,0
E00058728,0,120,0,0,0,0,0,0
E00058729,0,0,0,0,122,0,0,0
E00058730,0,0,0,0,0,93,0,0
E00058731,0,0,0,0,0,101,0,0
E00058732,0,0,0,0,0,117,0,0
E00058733,0,0,0,0,0,100,0,0
E00058734,0,0,0,0,0,131,0,0
E00058735,0,0,0,0,0,115,0,0
E00058736,0,0,0,0,144,0,0,0
E00058737,0,0,0,0,0,44,0,0
E00058738,0,0,0,0,0,115,0,0
E00058739,0,0,0,0,0,112,0,0
E00058740,0,0,0,0,0,117,0,0
E00058741,0,0,0,0,0,0,63,0
E00058742,0,0,0,0,0,125,0,0
E00058743,0,0,0,0,0,0,116,0
E00058744,0,0,0,0,0,0,0,137
E00058745,0,0,0,0,0,0,125,0
E00058746,0,0,0,0,0,0,0,103
E00058747,0,0,0,0,0,117,0,0
E00058748,0,0,0,0,0,0,0,93
E00058749,0,0,0,0,0,0,0,134
E00058750,0,0,0,0,0,0,115,0
E00058751,0,0,0,0,0,0,115,0
E00058752,0,0,0,0,0,0,147,0
E00058753,0,0,0,0,0,0,0,141
E00058754,0,0,0,0,0,0,124,0
E00058755,0,0,0,0,0,0,129,0
E00058756,0,0,0,0,0,0,92,0
E00058757,0,0,0,0,0,0,135,0
E00058759,0,0,0,0,0,0,0,89
E00058760,0,0,113,0,0,0,0,0
E00058761,0,0,0,71,0,0,0,0
E00058762,0,0,0,0,0,0,0,126
E00058764,0,0,0,0,0,0,0,124
E00058765,0,0,0,0,0,0,0,121
E00058766,0,0,0,0,0,0,0,134
E00058767,0,0,0,0,0,129,0,0
E00058768,0,0,0,0,0,0,131,0
E00058769,0,0,0,0,0,0,0,149
E00058770,0,0,0,0,0,0,0,121
E00058771,0,0,0,0,0,127,0,0
E00058772,0,0,0,0,0,100,0,0
E00058773,0,0,0,0,0,0,111,0
E00058774,0,0,0,0,0,0,121,0
E00058775,0,0,0,0,0,0,0,109
E00058776,0,0,0,0,0,0,0,146
E00058777,0,0,0,0,0,0,0,99
E00058778,0,0,0,0,0,0,121,0
E00058779,0,0,0,0,0,0,109,0
E00058780,0,0,0,0,0,0,150,0
E00058781,0,0,0,0,0,0,136,0
E00058782,0,0,0,0,0,0,0,128
E00058783,0,0,0,0,0,0,0,122
E00058784,0,0,0,0,0,0,158,0
E00058785,0,0,0,0,0,0,141,0
E00058786,0,0,0,0,0,0,0,75
E00058787,0,0,0,0,0,0,131,0
E00058788,0,0,0,0,0,0,165,0
E00058789,0,0,0,0,0,0,0,122
E00058790,0,0,0,0,0,0,139,0
E00058791,0,0,0,0,0,0,134,0
E00058792,0,0,0,0,0,0,0,126
E00058793,0,0,0,0,0,0,131,0
E00058794,0,0,0,0,0,0,141,0
E00058795,0,0,0,0,0,0,0,138
E00058796,0,0,0,0,0,0,113,0
E00058797,0,0,0,0,0,0,0,125
E00058798,0,0,0,0,0,0,0,96
E00058799,0,0,0,0,0,0,0,115
E00058800,0,82,0,0,0,0,0,0
E00058801,0,95,0,0,0,0,0,0
E00058802,0,0,75,0,0,0,0,0
E00058803,0,0,0,89,0,0,0,0
E00058805,0,0,0,136,0,0,0,0
E00058806,0,0,0,172,0,0,0,0
E00058807,0,0,177,0,0,0,0,0
E00058808,0,0,0,194,0,0,0,0
E00058809,0,0,0,173,0,0,0,0
E00058810,0,0,138,0,0,0,0,0
E00058811,0,106,0,0,0,0,0,0
E00058812,0,179,0,0,0,0,0,0
E00058813,0,0,0,88,0,0,0,0
E00058814,0,79,0,0,0,0,0,0
E00058815,0,85,0,0,0,0,0,0
E00058816,0,0,158,0,0,0,0,0
E00058817,0,224,0,0,0,0,0,0
E00058818,0,137,0,0,0,0,0,0
E00058821,0,135,0,0,0,0,0,0
E00058823,0,71,0,0,0,0,0,0
E00058826,0,64,0,0,0,0,0,0
E00058827,0,47,0,0,0,0,0,0
E00058828,0,79,0,0,0,0,0,0
E00058829,0,0,90,0,0,0,0,0
E00058830,0,0,0,53,0,0,0,0
E00058831,0,42,0,0,0,0,0,0
E00058832,0,0,133,0,0,0,0,0
E00058833,0,69,0,0,0,0,0,0
E00058834,0,86,0,0,0,0,0,0
E00058836,0,0,73,0,0,0,0,0
E00058837,0,0,144,0,0,0,0,0
E00058838,0,0,211,0,0,0,0,0
E00058839,0,0,79,0,0,0,0,0
E00058840,0,0,117,0,0,0,0,0
E00058842,0,197,0,0,0,0,0,0
E00058843,0,0,0,87,0,0,0,0
E00058844,0,0,0,89,0,0,0,0
E00058847,0,0,0,93,0,0,0,0
E00058849,0,0,149,0,0,0,0,0
E00058850,0,0,99,0,0,0,0,0
E00058851,0,0,86,0,0,0,0,0
E00058852,0,0,0,82,0,0,0,0
E00058853,0,0,100,0,0,0,0,0
E00058854,0,0,0,176,0,0,0,0
E00058855,0,140,0,0,0,0,0,0
E00058856,0,111,0,0,0,0,0,0
E00058858,0,0,0,124,0,0,0,0
E00058859,0,76,0,0,0,0,0,0
E00058861,0,0,107,0,0,0,0,0
E00058862,0,0,0,99,0,0,0,0
E00058864,0,0,207,0,0,0,0,0
E00058865,0,0,171,0,0,0,0,0
E00058866,0,68,0,0,0,0,0,0
E00058867,0,0,98,0,0,0,0,0
E00058869,0,0,105,0,0,0,0,0
E00058870,0,174,0,0,0,0,0,0
E00058871,0,0,97,0,0,0,0,0
E00058872,0,101,0,0,0,0,0,0
E00058873,0,0,102,0,0,0,0,0
E00058874,0,0,135,0,0,0,0,0
E00058875,0,0,100,0,0,0,0,0
E00058876,0,0,121,0,0,0,0,0
E00058877,0,0,167,0,0,0,0,0
E00058878,0,0,124,0,0,0,0,0
E00058879,0,0,119,0,0,0,0,0
E00058880,0,0,185,0,0,0,0,0
E00058881,0,150,0,0,0,0,0,0
E00058884,0,45,0,0,0,0,0,0
E00058885,0,78,0,0,0,0,0,0
E00058887,0,0,0,0,189,0,0,0
E00058889,0,0,0,83,0,0,0,0
E00058890,0,0,96,0,0,0,0,0
E00058891,0,0,0,0,105,0,0,0
E00058892,0,71,0,0,0,0,0,0
E00058893,0,126,0,0,0,0,0,0
E00058894,0,144,0,0,0,0,0,0
E00058895,0,0,0,0,76,0,0,0
E00058896,0,102,0,0,0,0,0,0
E00058897,0,101,0,0,0,0,0,0
E00058898,0,0,0,0,109,0,0,0
E00058899,0,56,0,0,0,0,0,0
E00058900,0,0,0,113,0,0,0,0
E00058902,0,0,0,0,222,0,0,0
E00058903,0,0,0,0,0,0,170,0
E00058904,0,0,0,0,0,151,0,0
E00058905,0,112,0,0,0,0,0,0
E00058906,0,0,0,100,0,0,0,0
E00058907,0,0,0,0,147,0,0,0
E00058909,0,0,0,75,0,0,0,0
E00058910,0,0,0,0,132,0,0,0
E00058911,0,201,0,0,0,0,0,0
E00058912,0,0,0,177,0,0,0,0
E00058913,0,0,0,66,0,0,0,0
E00058914,0,160,0,0,0,0,0,0
E00058915,0,0,0,0,88,0,0,0
E00058917,0,0,0,0,149,0,0,0
E00058918,0,0,0,87,0,0,0,0
E00058919,0,0,0,0,152,0,0,0
E00058920,0,0,0,0,0,0,78,0
E00058921,0,0,0,0,98,0,0,0
E00058922,0,0,0,0,0,0,0,88
E00058923,0,132,0,0,0,0,0,0
E00058924,0,0,0,0,117,0,0,0
E00058925,0,118,0,0,0,0,0,0
E00058926,0,149,0,0,0,0,0,0
E00058927,0,77,0,0,0,0,0,0
E00058928,0,112,0,0,0,0,0,0
E00058929,0,0,0,0,113,0,0,0
E00058930,0,101,0,0,0,0,0,0
E00058931,0,83,0,0,0,0,0,0
E00058932,0,0,0,0,0,0,127,0
E00058933,0,0,0,123,0,0,0,0
E00058934,0,0,0,0,0,108,0,0
E00058935,0,0,0,0,0,0,137,0
E00058936,0,0,0,0,0,0,0,98
E00058937,0,0,0,0,0,0,123,0
E00058938,0,0,0,96,0,0,0,0
E00058939,0,0,0,0,0,0,119,0
E00058940,0,0,0,86,0,0,0,0
E00058941,0,0,0,96,0,0,0,0
E00058942,0,0,0,0,0,112,0,0
E00058943,0,0,0,0,91,0,0,0
E00058944,0,0,0,0,123,0,0,0
E00058945,0,0,0,0,0,123,0,0
E00058947,0,0,0,0,0,154,0,0
E00058948,0,0,0,0,101,0,0,0
E00058949,0,0,0,117,0,0,0,0
E00058950,0,0,0,0,128,0,0,0
E00058951,0,0,0,0,133,0,0,0
E00058952,0,0,0,0,0,0,161,0
E00058953,0,0,0,0,0,0,119,0
E00058954,0,0,0,124,0,0,0,0
E00058955,0,0,0,0,129,0,0,0
E00058956,0,0,0,0,0,70,0,0
E00058957,0,0,0,0,148,0,0,0
E00058958,0,0,0,0,0,0,0,119
E00058959,0,0,0,0,0,122,0,0
E00058960,0,0,0,0,92,0,0,0
E00058961,0,0,0,0,0,149,0,0
E00058962,0,0,0,0,0,138,0,0
E00058963,127,0,0,0,0,0,0,0
E00058964,0,0,0,0,0,156,0,0
E00058965,0,0,0,0,0,177,0,0
E00058966,0,0,0,0,0,0,0,141
E00058967,0,0,0,0,0,146,0,0
E00058968,0,0,0,0,0,155,0,0
E00058969,0,0,0,0,108,0,0,0
E00058970,0,0,0,0,0,0,0,118
E00058971,0,0,0,0,158,0,0,0
E00058972,0,0,0,0,0,124,0,0
E00058973,0,0,0,0,135,0,0,0
E00058974,0,0,0,0,137,0,0,0
E00058975,0,0,0,0,0,0,0,138
E00058976,0,0,0,0,139,0,0,0
E00058977,125,0,0,0,0,0,0,0
E00058978,0,0,0,0,0,120,0,0
E00058979,0,0,0,0,0,0,0,121
E00058980,0,0,0,0,0,123,0,0
E00058981,0,0,0,0,0,131,0,0
E00058982,0,0,0,0,132,0,0,0
E00058983,0,0,0,0,124,0,0,0
E00058984,131,0,0,0,0,0,0,0
E00058985,73,0,0,0,0,0,0,0
E00058986,0,0,0,0,0,134,0,0
E00058987,0,0,0,0,0,0,0,124
E00058988,0,0,0,0,126,0,0,0
E00058989,152,0,0,0,0,0,0,0
E00058990,0,0,0,0,0,115,0,0
E00058991,0,0,0,0,0,0,0,123
E00058992,0,0,0,0,0,115,0,0
E00058993,0,0,0,0,113,0,0,0
E00058994,0,0,0,0,0,133,0,0
E00058995,0,0,0,0,0,138,0,0
E00058996,0,0,0,0,0,129,0,0
E00058997,0,0,0,0,0,117,0,0
E00058998,131,0,0,0,0,0,0,0
E00058999,0,0,0,0,115,0,0,0
E00059000,117,0,0,0,0,0,0,0
E00059001,0,0,0,0,120,0,0,0
E00059002,0,0,0,0,0,131,0,0
E00059003,0,0,0,0,114,0,0,0
E00059004,0,0,0,0,0,115,0,0
E00059005,0,0,0,0,0,133,0,0
E00059006,111,0,0,0,0,0,0,0
E00059007,0,0,0,0,112,0,0,0
E00059008,131,0,0,0,0,0,0,0
E00059010,96,0,0,0,0,0,0,0
E00059011,0,0,0,0,0,0,0,143
E00059012,0,0,0,0,0,116,0,0
E00059013,0,0,0,0,0,145,0,0
E00059014,0,0,0,0,153,0,0,0
E00059015,0,0,0,0,0,158,0,0
E00059016,0,0,0,0,0,117,0,0
E00059017,0,0,0,0,93,0,0,0
E00059018,0,0,0,0,155,0,0,0
E00059019,0,0,0,0,0,0,0,127
E00059020,0,0,0,0,0,120,0,0
E00059021,0,0,0,0,0,103,0,0
E00059022,0,0,0,0,0,120,0,0
E00059023,0,0,0,0,0,126,0,0
E00059024,0,0,0,0,0,126,0,0
E00059025,0,0,0,0,134,0,0,0
E00059026,0,0,0,0,0,106,0,0
E00059027,0,0,0,0,118,0,0,0
E00059028,0,0,0,0,0,114,0,0
E00059029,122,0,0,0,0,0,0,0
E00059030,0,0,0,0,0,120,0,0
E00059031,0,0,0,0,0,107,0,0
E00059032,0,0,0,0,0,0,0,129
E00059033,0,0,0,0,0,108,0,0
E00059034,0,0,0,0,0,119,0,0
E00059035,0,0,0,0,0,0,133,0
E00059036,0,0,0,0,160,0,0,0
E00059037,0,0,0,0,0,114,0,0
E00059038,0,0,0,0,0,108,0,0
E00059039,0,0,0,0,0,107,0,0
E00059040,0,0,0,0,0,0,0,150
E00059041,0,0,0,0,0,0,0,132
E00059042,0,0,0,0,0,0,0,116
E00059043,0,0,0,0,0,0,111,0
E00059044,0,0,0,0,0,0,0,132
E00059045,130,0,0,0,0,0,0,0
E00059047,0,0,0,0,0,0,102,0
E00059048,0,0,0,0,0,0,0,119
E00059049,0,0,0,0,0,0,0,123
E00059050,0,0,0,0,0,0,0,138
E00059051,0,0,0,0,0,0,221,0
E00059052,0,0,0,0,0,0,0,117
E00059053,0,0,0,0,0,0,122,0
E00059054,0,0,0,0,0,133,0,0
E00059055,0,0,0,0,0,0,0,122
E00059056,0,0,0,0,0,0,0,118
E00059057,0,0,0,0,135,0,0,0
E00059058,0,0,0,0,0,0,0,121
E00059059,0,0,0,0,0,116,0,0
E00059060,0,0,0,0,0,115,0,0
E00059061,0,0,0,0,0,0,131,0
E00059062,0,0,0,0,113,0,0,0
E00059063,0,0,0,0,0,0,0,127
E00059064,0,0,0,0,0,124,0,0
E00059065,0,0,0,0,0,0,0,140
E00059066,0,0,0,0,0,0,129,0
E00059067,0,0,0,0,0,0,107,0
E00059068,0,0,0,0,0,137,0,0
E00059069,0,0,0,0,0,0,0,112
E00059070,0,0,0,0,0,111,0,0
E00059071,0,0,0,0,0,0,0,110
E00059072,0,0,0,0,0,0,0,132
E00059073,0,0,0,0,0,0,0,114
E00059074,0,0,0,0,0,0,119,0
E00059075,0,0,0,0,0,0,0,117
E00059076,0,0,0,0,0,0,0,127
E00059077,0,0,0,0,0,0,120,0
E00059078,0,0,0,0,0,0,103,0
E00059079,0,0,0,0,0,0,0,55
E00059080,0,0,0,0,0,0,0,121
E00059081,0,0,0,0,0,0,0,120
E00059082,0,0,0,0,0,0,0,185
E00059083,0,0,0,0,0,0,0,123
E00059084,0,0,0,0,0,0,0,124
E00059085,0,0,0,0,0,0,120,0
E00059086,0,0,0,0,0,0,0,97
E00059087,0,0,0,0,0,0,0,122
E00059088,0,0,0,0,0,0,0,133
E00059089,0,0,0,0,0,0,0,118
E00059090,0,0,0,0,0,0,169,0
E00059091,0,0,0,0,0,0,151,0
E00059092,0,0,0,0,0,0,168,0
E00059093,0,0,0,0,0,0,118,0
E00059094,0,0,0,0,0,130,0,0
E00059095,0,0,0,0,0,122,0,0
E00059096,0,0,0,0,0,0,0,127
E00059097,0,0,0,0,0,122,0,0
E00059098,0,0,0,0,0,50,0,0
E00059099,0,0,0,0,0,0,0,118
E00059100,0,0,0,0,0,96,0,0
E00059101,0,0,0,0,0,119,0,0
E00059102,0,0,0,0,0,144,0,0
E00059103,0,0,0,0,0,129,0,0
E00059104,117,0,0,0,0,0,0,0
E00059105,0,0,0,0,0,123,0,0
E00059106,0,0,0,0,0,144,0,0
E00059107,0,0,0,0,0,148,0,0
E00059108,0,0,0,0,142,0,0,0
E00059109,0,0,0,0,0,0,142,0
E00059110,0,0,0,135,0,0,0,0
E00059111,0,0,0,0,0,145,0,0
E00059112,0,0,0,0,0,0,144,0
E00059113,0,0,0,0,0,0,135,0
E00059114,0,0,0,0,0,91,0,0
E00059115,0,0,0,0,0,116,0,0
E00059116,0,0,0,0,100,0,0,0
E00059117,0,0,0,0,0,0,130,0
E00059118,0,0,0,0,0,0,133,0
E00059119,0,0,0,0,0,0,126,0
E00059120,0,0,0,0,134,0,0,0
E00059121,0,0,0,0,0,131,0,0
E00059122,0,0,0,0,0,0,0,138
E00059123,0,0,0,0,0,0,0,136
E00059124,0,0,0,0,185,0,0,0
E00059125,0,0,0,0,212,0,0,0
E00059126,0,0,0,0,0,111,0,0
E00059127,0,0,0,0,0,0,141,0
E00059128,0,0,0,0,0,0,0,134
E00059129,0,0,0,0,0,0,0,155
E00059130,0,0,0,0,130,0,0,0
E00059131,0,0,0,0,0,0,0,127
E00059132,0,0,0,0,0,99,0,0
E00059133,0,0,0,0,97,0,0,0
E00059134,0,0,0,0,0,0,0,134
E00059135,0,0,0,0,0,0,105,0
E00059136,0,0,0,0,0,99,0,0
E00059137,0,0,0,0,0,0,0,114
E00059138,0,0,0,0,0,0,93,0
E00059139,0,0,0,0,0,0,0,110
E00059140,0,0,0,0,0,0,0,107
E00059141,0,0,0,0,0,0,0,110
E00059142,0,0,0,0,0,0,0,112
E00059143,0,0,0,0,0,0,0,120
E00059144,0,0,0,0,0,129,0,0
E00059146,0,0,0,0,0,113,0,0
E00059147,0,0,0,0,0,0,132,0
E00059148,0,0,0,0,0,0,0,115
E00059149,0,0,0,0,0,0,0,139
E00059150,0,0,0,0,0,0,0,120
E00059151,0,0,0,0,141,0,0,0
E00059152,0,0,0,0,139,0,0,0
E00059153,0,0,0,0,0,0,0,119
E00059154,0,0,0,0,0,99,0,0
E00059155,0,0,0,0,0,0,122,0
E00059156,0,0,0,0,0,0,0,135
E00059157,0,0,0,0,0,62,0,0
E00059158,0,0,0,0,0,0,0,117
E00059159,0,0,0,0,0,0,128,0
E00059160,0,0,0,0,0,114,0,0
E00059161,0,0,0,91,0,0,0,0
E00059163,0,0,0,0,0,0,0,94
E00059164,0,0,0,0,0,85,0,0
E00059165,0,0,0,0,126,0,0,0
E00059166,0,0,0,0,0,0,0,112
E00059167,0,0,0,0,118,0,0,0
E00059168,0,0,0,0,0,136,0,0
E00059169,0,0,0,0,0,107,0,0
E00059170,0,0,0,0,0,83,0,0
E00059171,0,0,0,0,0,0,0,115
E00059172,0,0,0,0,0,0,114,0
E00059173,0,0,0,0,0,0,113,0
E00059174,0,0,0,0,0,0,0,123
E00059175,0,0,0,0,0,0,106,0
E00059176,0,0,0,0,0,0,143,0
E00059177,0,0,0,0,123,0,0,0
E00059178,0,0,0,0,0,0,0,128
E00059179,0,0,0,0,0,0,134,0
E00059180,0,0,0,0,137,0,0,0
E00059181,0,0,0,129,0,0,0,0
E00059182,0,0,0,123,0,0,0,0
E00059183,0,0,0,0,0,0,139,0
E00059184,0,0,0,0,0,0,0,124
E00059185,0,0,0,0,0,0,0,131
E00059186,0,0,0,0,0,0,0,127
E00059187,0,0,0,0,0,0,101,0
E00059188,0,0,0,0,0,0,129,0
E00165673,0,0,0,0,0,75,0,0
E00165674,0,0,0,0,0,0,131,0
E00165675,0,0,0,0,0,0,0,76
E00165676,0,0,0,0,0,140,0,0
E00165677,0,0,0,0,0,179,0,0
E00165678,0,0,0,0,0,0,0,62
E00165679,0,0,0,0,0,0,0,152
E00165680,0,0,0,0,150,0,0,0
E00165681,0,0,0,0,0,0,0,145
E00165682,0,0,0,0,95,0,0,0
E00165683,0,0,0,133,0,0,0,0
E00165684,0,0,0,0,151,0,0,0
E00165685,0,0,0,0,84,0,0,0
E00165686,0,0,0,108,0,0,0,0
E00165687,0,0,0,0,173,0,0,0
E00165688,0,0,0,0,0,58,0,0
E00165689,0,0,0,0,0,0,0,65
E00165690,0,0,0,0,0,0,0,158
E00165691,0,0,0,0,196,0,0,0
E00165692,0,0,0,0,0,0,0,112
E00165693,0,0,0,0,0,0,0,137
E00165694,0,0,0,0,0,0,134,0
E00165695,0,0,0,0,0,158,0,0
E00165696,93,0,0,0,0,0,0,0
E00169576,0,111,0,0,0,0,0,0
E00169578,0,0,0,0,109,0,0,0
E00169579,0,0,0,0,0,107,0,0
E00169581,0,0,0,0,110,0,0,0
E00169583,0,0,0,0,88,0,0,0
E00169584,0,110,0,0,0,0,0,0
E00169586,0,117,0,0,0,0,0,0
E00169587,0,0,126,0,0,0,0,0
E00169589,0,0,0,0,0,97,0,0
E00169590,0,0,0,0,113,0,0,0
E00169592,0,0,0,0,112,0,0,0
E00169593,0,0,0,116,0,0,0,0
E00169595,0,83,0,0,0,0,0,0
E00169597,0,0,0,0,84,0,0,0
E00169598,0,0,136,0,0,0,0,0
E00169600,0,0,0,0,0,0,125,0
E00169601,0,47,0,0,0,0,0,0
E00169603,0,111,0,0,0,0,0,0
E00169604,0,40,0,0,0,0,0,0
E00169606,0,63,0,0,0,0,0,0
E00169607,0,0,145,0,0,0,0,0
E00169609,0,93,0,0,0,0,0,0
E00169611,0,104,0,0,0,0,0,0
E00169612,0,126,0,0,0,0,0,0
E00169614,0,166,0,0,0,0,0,0
E00169615,0,93,0,0,0,0,0,0
E00169617,0,98,0,0,0,0,0,0
E00169618,0,161,0,0,0,0,0,0
E00169620,0,0,0,120,0,0,0,0
E00169621,0,0,129,0,0,0,0,0
E00169623,0,162,0,0,0,0,0,0
E00169625,0,0,125,0,0,0,0,0
E00169626,0,238,0,0,0,0,0,0
E00169628,0,209,0,0,0,0,0,0
E00169629,0,230,0,0,0,0,0,0
E00169738,0,0,0,124,0,0,0,0
E00169739,0,0,0,115,0,0,0,0
E00169740,0,0,0,95,0,0,0,0
E00169741,0,0,0,89,0,0,0,0
E00169742,0,0,0,116,0,0,0,0
E00169743,0,0,134,0,0,0,0,0
E00169744,0,0,140,0,0,0,0,0
E00169745,0,0,0,69,0,0,0,0
E00169746,0,94,0,0,0,0,0,0
E00169747,0,43,0,0,0,0,0,0
E00169748,0,49,0,0,0,0,0,0
E00169749,0,0,0,0,0,131,0,0
E00169750,0,0,0,0,139,0,0,0
E00169751,0,0,98,0,0,0,0,0
E00169752,0,0,0,50,0,0,0,0
E00169753,0,0,0,103,0,0,0,0
E00169754,0,0,0,99,0,0,0,0
E00169755,0,0,0,124,0,0,0,0
E00169780,0,130,0,0,0,0,0,0
E00169782,0,79,0,0,0,0,0,0
E00169783,0,123,0,0,0,0,0,0
E00169785,0,90,0,0,0,0,0,0
E00169786,0,100,0,0,0,0,0,0
E00169788,0,155,0,0,0,0,0,0
E00169789,0,111,0,0,0,0,0,0
E00169791,0,111,0,0,0,0,0,0
E00169792,0,99,0,0,0,0,0,0
E00169794,0,179,0,0,0,0,0,0
E00169796,0,141,0,0,0,0,0,0
E00169797,0,101,0,0,0,0,0,0
E00169799,0,104,0,0,0,0,0,0
E00169800,0,128,0,0,0,0,0,0
E00169802,0,155,0,0,0,0,0,0
E00169803,0,116,0,0,0,0,0,0
E00169805,0,124,0,0,0,0,0,0
E00169806,0,0,0,0,0,0,96,0
E00169808,0,0,0,141,0,0,0,0
E00169810,0,152,0,0,0,0,0,0
E00169811,0,154,0,0,0,0,0,0
E00169813,0,140,0,0,0,0,0,0
E00169814,0,0,0,69,0,0,0,0
E00169816,0,173,0,0,0,0,0,0
E00169817,0,129,0,0,0,0,0,0
E00170032,0,85,0,0,0,0,0,0
E00170034,0,177,0,0,0,0,0,0
E00170035,0,113,0,0,0,0,0,0
E00170037,0,197,0,0,0,0,0,0
E00170038,0,116,0,0,0,0,0,0
E00170040,0,190,0,0,0,0,0,0
E00170041,0,0,0,0,55,0,0,0
E00170043,0,0,0,0,0,0,64,0
E00170044,0,0,55,0,0,0,0,0
E00170046,0,0,91,0,0,0,0,0
E00170048,0,59,0,0,0,0,0,0
E00170049,0,0,119,0,0,0,0,0
E00170051,0,136,0,0,0,0,0,0
E00170052,0,96,0,0,0,0,0,0
E00170054,0,117,0,0,0,0,0,0
E00170055,0,147,0,0,0,0,0,0
E00170057,0,116,0,0,0,0,0,0
E00170058,0,0,170,0,0,0,0,0
E00170259,0,0,0,0,0,0,80,0
E00170261,0,139,0,0,0,0,0,0
E00170262,0,343,0,0,0,0,0,0
E00170264,0,131,0,0,0,0,0,0
E00170265,0,172,0,0,0,0,0,0
E00170267,0,173,0,0,0,0,0,0
E00170268,0,211,0,0,0,0,0,0
E00170270,0,0,0,0,0,0,0,104
E00170271,0,98,0,0,0,0,0,0
E00170273,0,183,0,0,0,0,0,0
E00170275,0,207,0,0,0,0,0,0
E00170276,0,0,0,0,0,0,111,0
E00170278,0,0,0,0,0,0,0,57
E00170326,0,135,0,0,0,0,0,0
E00170327,0,0,0,0,0,0,144,0
E00170329,0,169,0,0,0,0,0,0
E00170331,0,279,0,0,0,0,0,0
E00170332,0,0,123,0,0,0,0,0
E00170433,0,0,108,0,0,0,0,0
E00170435,0,0,0,0,126,0,0,0
E00170436,0,0,0,0,108,0,0,0
E00170438,0,0,0,0,0,0,0,92
E00170439,0,0,0,0,0,104,0,0
E00170441,0,0,0,0,107,0,0,0
E00170443,0,0,0,0,121,0,0,0
E00170444,0,0,0,0,124,0,0,0
E00170446,0,0,0,86,0,0,0,0
E00170447,0,0,0,0,0,0,0,112
E00170449,0,125,0,0,0,0,0,0
E00170450,0,0,0,0,123,0,0,0
E00170452,0,0,0,122,0,0,0,0
E00170453,0,0,0,0,0,0,116,0
E00170455,0,0,0,0,0,0,0,110
E00170457,0,0,0,0,0,0,129,0
E00170458,0,0,0,0,111,0,0,0
E00170459,0,0,0,0,132,0,0,0
E00170460,0,0,0,0,96,0,0,0
E00170461,0,0,0,0,134,0,0,0
E00170462,0,0,0,0,112,0,0,0
E00170463,0,0,0,0,88,0,0,0
E00170464,0,0,0,0,102,0,0,0
E00170465,0,0,0,0,0,134,0,0
E00170466,0,0,0,117,0,0,0,0
E00170467,0,0,0,115,0,0,0,0
E00170468,0,0,0,85,0,0,0,0
E00170469,0,0,0,0,0,102,0,0
E00170470,0,0,0,0,94,0,0,0
E00170471,0,0,0,0,115,0,0,0
E00170472,0,0,0,0,120,0,0,0
E00170473,0,0,0,0,120,0,0,0
E00170474,0,100,0,0,0,0,0,0
E00170475,0,104,0,0,0,0,0,0
E00170476,0,0,0,0,112,0,0,0
E00170564,0,0,0,0,108,0,0,0
E00170565,0,0,0,0,104,0,0,0
E00170567,0,0,0,0,110,0,0,0
E00170568,0,0,0,0,0,0,90,0
E00170570,0,0,0,0,108,0,0,0
E00170572,0,0,0,0,0,0,0,107
E00170573,0,120,0,0,0,0,0,0
E00170575,0,0,0,0,0,122,0,0
E00170576,0,118,0,0,0,0,0,0
E00170578,0,0,0,0,105,0,0,0
E00170579,103,0,0,0,0,0,0,0
E00170581,0,107,0,0,0,0,0,0
E00170582,0,136,0,0,0,0,0,0
E00170584,0,0,0,89,0,0,0,0
E00170586,0,0,0,0,0,0,115,0
E00170587,0,0,0,0,104,0,0,0
E00170589,0,0,0,0,116,0,0,0
E00170590,0,0,0,0,107,0,0,0
E00170592,0,0,0,0,95,0,0,0
E00170593,0,0,0,0,73,0,0,0
E00170595,0,0,0,0,120,0,0,0
E00170596,0,0,0,71,0,0,0,0
E00170598,0,0,0,0,127,0,0,0
E00170600,0,0,0,114,0,0,0,0
E00170601,0,0,0,146,0,0,0,0
E00170603,0,0,0,118,0,0,0,0
E00170604,0,239,0,0,0,0,0,0
E00170606,0,168,0,0,0,0,0,0
E00170607,0,281,0,0,0,0,0,0
E00170609,0,110,0,0,0,0,0,0
E00170610,0,158,0,0,0,0,0,0
E00170612,0,140,0,0,0,0,0,0
E00170614,0,234,0,0,0,0,0,0
E00170615,0,0,0,96,0,0,0,0
E00170617,0,153,0,0,0,0,0,0
E00170618,0,0,0,0,0,0,111,0
E00170620,0,152,0,0,0,0,0,0
E00170621,0,92,0,0,0,0,0,0
E00170623,0,0,0,0,85,0,0,0
E00170887,0,0,0,0,103,0,0,0
E00170888,0,0,0,0,116,0,0,0
E00170889,0,0,0,0,0,160,0,0
E00170890,0,0,0,102,0,0,0,0
